,ARE,AUS,AUT,BRA,CAN,CHE,CHN,DEU,EGY,ESP,FIN,FRA,GBR,IND,IRL,IRN,ISR,ITA,JPN,KOR,MEX,MYS,NLD,NOR,PAK,PRK,PRT,PSE,RUS,SAU,SWE,SYR,TUR,UKR,USA
Jul-2011,6.21612181664371,2.40897178005686,2.92279728368581,3.97442307944702,3.13719438973661,1.81310819203695,9.55083217877568,3.92519270463411,1.76457194806041,-0.814384776648922,2.54766483842627,2.19270063266654,1.14510154098662,5.24131619938926,1.28075209135081,2.64571792008958,5.56113907589013,0.707333347034435,0.0238095237748297,3.68566778212526,3.44404505794418,5.29391283414003,1.55118931244651,1.10565602733728,2.68011685421705,,-1.69616478061504,9.60080848913594,4.30002918567749,10.9937616764876,3.1953332348894,2.8500028435797,11.2001105833504,5.44528081048476,1.56440685438301
Aug-2011,5.871679382797035,2.5273590620432524,2.7469265615784306,3.8133840917072828,3.028838855279308,1.7633941246811955,9.418510945038067,3.6501577940132073,1.8007780539525247,-0.9825837849352999,2.238236558692616,2.0452837007771776,1.173951361246486,5.258184540742809,1.1701290166570224,2.1443148362675424,5.327924547886469,0.4180596909346581,0.12976571792650893,3.585029602543817,3.4526070737866186,5.307994509308539,1.348715327824481,1.2321111833727734,2.707369172387186,,-1.8813513552880259,9.32595735769481,4.278386595229781,10.555734570693605,2.8985773287027228,0.5606679478281,10.697238593368414,5.030146234540908,1.621246582484654
Sep-2011,5.527236948950359,2.6457463440296443,2.571055839471051,3.652345103967545,2.9204833208220062,1.713680057325441,9.286189711300453,3.3751228833923044,1.836984159844639,-1.1507827932216776,1.9288082789589618,1.8978667688878155,1.2028011815063517,5.275052882096358,1.0595059419632349,1.6429117524455048,5.094710019882809,0.12878603483488127,0.23572191207818818,3.484391422962374,3.461169089629057,5.32207618447705,1.1462413432024519,1.3585663394082665,2.734621490557323,,-2.0665379299610116,9.051106226253681,4.256744004782073,10.117707464899611,2.6018214225160454,-1.7286669479234997,10.194366603386428,4.615011658597057,1.678086310586298
Oct-2011,5.1827945151036845,2.7641336260160365,2.3951851173636722,3.491306116227808,2.8121277863647043,1.6639659899696866,9.15386847756284,3.1000879727714015,1.8731902657367536,-1.3189818015080554,1.6193799992253075,1.7504498369984534,1.2316510017662177,5.291921223449907,0.9488828672694474,1.1415086686234672,4.861495491879149,-0.16048762126489557,0.34167810622986744,3.3837532433809305,3.4697311054714954,5.336157859645559,0.9437673585804229,1.48502149544376,2.7618738087274592,,-2.2517245046339975,8.776255094812552,4.235101414334365,9.679680359105618,2.305065516329368,-4.0180018436750995,9.691494613404442,4.199877082653205,1.734926038687942
Nov-2011,4.838352081257009,2.8825209080024288,2.2193143952562924,3.330267128488071,2.7037722519074023,1.614251922613932,9.021547243825227,2.8250530621504986,1.909396371628868,-1.4871808097944335,1.3099517194916535,1.603032905109091,1.2605008220260836,5.308789564803456,0.8382597925756599,0.6401055848014297,4.628280963875488,-0.4497612773646724,0.44763430038154667,3.2831150637994875,3.478293121313934,5.350239534814069,0.7412933739583939,1.6114766514792533,2.789126126897596,,-2.4369110793069835,8.501403963371422,4.213458823886657,9.241653253311625,2.0083096101426907,-6.307336739426699,9.188622623422456,3.784742506709354,1.7917657667895859
Dec-2011,4.493909647410334,3.000908189988821,2.0434436731489134,3.169228140748334,2.5954167174501004,1.5645378552581775,8.889226010087613,2.5500181515295957,1.9456024775209826,-1.6553798180808115,1.0005234397579994,1.455615973219729,1.2893506422859495,5.325657906157005,0.7276367178818723,0.13870250097939207,4.395066435871827,-0.7390349334644493,0.553590494533226,3.1824768842180444,3.4868551371563723,5.364321209982579,0.5388193893363649,1.7379318075147467,2.8163784450677323,,-2.6220976539799694,8.226552831930293,4.191816233438948,8.80362614751763,1.7115537039560134,-8.596671635178298,8.68575063344047,3.3696079307655022,1.8486054948912298
Jan-2012,4.149467213563659,3.119295471975213,1.867572951041534,3.0081891530085967,2.4870611829927984,1.5148237879024231,8.75690477635,2.2749832409086927,1.981808583413097,-1.8235788263671893,0.6910951600243451,1.3081990413303668,1.3182004625458152,5.342526247510555,0.6170136431880848,-0.3627005828426455,4.161851907868168,-1.028308589564226,0.6595466886849052,3.081838704636601,3.4954171529988107,5.378402885151089,0.33634540471433594,1.8643869635502401,2.8436307632378686,,-2.8072842286529553,7.9517017004891635,4.17017364299124,8.365599041723637,1.414797797769336,-10.8860065309299,8.182878643458483,2.954473354821651,1.9054452229928738
Feb-2012,3.805024779716983,3.237682753961605,1.6917022289341546,2.847150165268859,2.3787056485354965,1.4651097205466685,8.624583542612386,1.9999483302877898,2.0180146893052116,-1.991777834653567,0.38166688029069107,1.1607821094410045,1.3470502828056812,5.359394588864103,0.5063905684942973,-0.8641036666646831,3.928637379864507,-1.317582245664003,0.7655028828365844,2.981200525055158,3.503979168841249,5.392484560319598,0.1338714200923068,1.9908421195857333,2.8708830814080053,,-2.992470803325941,7.676850569048034,4.148531052543532,7.9275719359296435,1.1180418915826587,-13.175341426681497,7.680006653476498,2.5393387788777995,1.9622849510945175
Mar-2012,3.4605823458703076,3.3560700359479974,1.5158315068267751,2.686111177529122,2.2703501140781945,1.415395653190914,8.492262308874773,1.724913419666887,2.054220795197326,-2.159976842939945,0.07223860055703701,1.0133651775516423,1.375900103065547,5.376262930217652,0.3957674938005098,-1.3655067504867207,3.6954228518608465,-1.6068559017637798,0.8714590769882636,2.880562345473715,3.5125411846836876,5.406566235488109,-0.06860256452972213,2.117297275621227,2.8981353995781416,,-3.1776573779989272,7.401999437606905,4.126888462095824,7.4895448301356495,0.8212859853959813,-15.464676322433098,7.177134663494512,2.124204202933948,2.0191246791961617
Apr-2012,3.116139912023632,3.474457317934389,1.3399607847193957,2.525072189789385,2.1619945796208926,1.3656815858351594,8.35994107513716,1.449878509045984,2.0904269010894407,-2.3281758512263226,-0.23718967917661704,0.8659482456622802,1.4047499233254128,5.393131271571201,0.2851444191067223,-1.8669098343087578,3.4622083238571864,-1.8961295578635566,0.9774152711399429,2.7799241658922718,3.5211032005261256,5.420647910656618,-0.27107654915175106,2.24375243165672,2.9253877177482783,,-3.3628439526719127,7.127148306165775,4.1052458716481155,7.051517724341656,0.524530079209304,-17.7540112181847,6.674262673512526,1.7090696269900967,2.075964407297805
May-2012,2.7716974781769568,3.5928445999207814,1.1640900626120163,2.3640332020496473,2.0536390451635906,1.3159675184794049,8.227619841399548,1.1748435984250811,2.126633006981555,-2.496374859512701,-0.5466179589102711,0.7185313137729179,1.4335997435852788,5.40999961292475,0.17452134441293476,-2.368312918130796,3.228993795853526,-2.1854032139633333,1.0833714652916222,2.6792859863108287,3.529665216368564,5.434729585825128,-0.4735505337737802,2.3702075876922137,2.9526400359184146,,-3.548030527344899,6.852297174724646,4.083603281200407,6.613490618547662,0.2277741730226266,-20.0433461139363,6.17139068353054,1.2939350510462448,2.132804135399449
Jun-2012,2.4272550443302814,3.7112318819071737,0.9882193405046371,2.20299421430991,1.9452835107062885,1.2662534511236505,8.095298607661935,0.8998086878041782,2.1628391128736695,-2.6645738677990787,-0.8560462386439252,0.5711143818835558,1.4624495638451447,5.4268679542783,0.06389826971914725,-2.869716001952834,2.9957792678498656,-2.47467687006311,1.1893276594433013,2.578647806729385,3.5382272322110024,5.448811260993638,-0.6760245183958093,2.4966627437277067,2.979892354088551,,-3.7332171020178846,6.577446043283517,4.0619606907526995,6.175463512753669,-0.06898173316405076,-22.3326810096879,5.668518693548554,0.8788004751023939,2.189643863501093
Jul-2012,2.0828126104836064,3.8296191638935655,0.8123486183972579,2.041955226570173,1.8369279762489865,1.216539383767896,7.96297737392432,0.6247737771832753,2.199045218765784,-2.8327728760854565,-1.1654745183775796,0.4236974499941937,1.4912993841050106,5.443736295631848,-0.046724804974640266,-3.371119085774871,2.7625647398462054,-2.763950526162887,1.2952838535949807,2.478009627147942,3.546789248053441,5.462892936162148,-0.878498503017838,2.6231178997632,3.0071446722586876,,-3.91840367669087,6.302594911842387,4.040318100304991,5.737436406959675,-0.3657376393507281,-24.6220159054395,5.165646703566569,0.46366589915854206,2.246483591602737
Aug-2012,1.8878352728041117,3.892679994435848,0.6676035990790856,1.9424239599551534,1.7668407812595153,1.1912712886201733,7.861822990760502,0.4188719806671485,2.225401097311321,-2.928420558488596,-1.387823190687958,0.3182953770319685,1.5184148957039927,5.474617333005372,-0.10411747403512982,-3.7035401791570908,2.623493995677495,-2.9585559580934997,1.38711078700411,2.41747565214833,3.5002478344347865,5.458165336323636,-1.0127034286797632,2.6845912581094846,3.053844325374478,,-3.9958299031236937,6.069047020168615,3.97960254945497,5.352560434354549,-0.5534794653653098,-26.338253755375806,4.86098926569675,0.15021936185343837,2.2857548918264112
Sep-2012,2.141253223626158,3.789761470645802,0.6162356881285362,2.0274158567142866,1.8115586046735366,1.2393411100965466,7.85416915931807,0.42036952646535025,2.222206293817124,-2.8064142632420186,-1.3489330407285087,0.33893788085115434,1.5403274813203236,5.547536458438821,-0.0018189261957250458,-3.529015301219854,2.7668546030136345,-2.869156717516618,1.436549938185589,2.477254290894211,3.2883961324328537,5.3970099114640595,-0.9421011774613756,2.5511192233881435,3.158885983327229,,-3.7499750848360294,5.9594088477969125,3.8016681173980107,5.127137861316028,-0.414179050863605,-26.33520046786623,5.150975484163431,0.14183694046457984,2.2723209084161753
Oct-2012,2.394671174448204,3.6868429468557555,0.5648677771779869,2.1124077534734202,1.8562764280875577,1.28741093157292,7.846515327875636,0.4218670722635521,2.219011490322927,-2.6844079679954413,-1.3100428907690596,0.3595803846703402,1.5622400669366547,5.620455583872269,0.10047962164367974,-3.354490423282617,2.910215210349774,-2.7797574769397366,1.4859890893670684,2.5370329296400915,3.0765444304309213,5.335854486604483,-0.8714989262429881,2.4176471886668023,3.2639276412799805,,-3.504120266548365,5.849770675425211,3.6237336853410516,4.901715288277506,-0.27487863636190024,-26.332147180356653,5.440961702630112,0.13345451907572134,2.258886925005939
Nov-2012,2.6480891252702503,3.5839244230657092,0.5134998662274375,2.1973996502325535,1.9009942515015787,1.3354807530492934,7.8388614964332035,0.42336461806175385,2.21581668682873,-2.562401672748864,-1.2711527408096104,0.3802228884895261,1.5841526525529857,5.6933747093057185,0.20277816948308452,-3.1799655453453806,3.0535758176859136,-2.690358236362855,1.5354282405485475,2.5968115683859727,2.8646927284289885,5.274699061744907,-0.8008966750246005,2.284175153945461,3.368969299232732,,-3.2582654482607003,5.740132503053509,3.4457992532840924,4.676292715238985,-0.1355782218601954,-26.329093892847077,5.730947921096793,0.12507209768686284,2.245452941595703
Dec-2012,2.9015070760922965,3.4810058992756634,0.4621319552768881,2.2823915469916867,1.9457120749156,1.3835505745256667,7.83120766499077,0.4248621638599557,2.2126218833345335,-2.440395377502287,-1.2322625908501614,0.400865392308712,1.6060652381693166,5.766293834739167,0.3050767173224893,-3.0054406674081435,3.196936425022053,-2.600958995785973,1.5848673917300269,2.6565902071318535,2.6528410264270557,5.21354363688533,-0.730294423806213,2.15070311922412,3.474010957185483,,-3.0124106299730355,5.630494330681807,3.2678648212271333,4.450870142200463,0.003722192641509414,-26.3260406053375,6.020934139563474,0.11668967629800434,2.232018958185467
Jan-2013,3.154925026914343,3.378087375485617,0.41076404432633873,2.36738344375082,1.9904298983296211,1.43162039600204,7.823553833548337,0.4263597096581575,2.2094270798403364,-2.3183890822557096,-1.1933724408907123,0.42150789612789785,1.6279778237856477,5.839212960172615,0.40737526516189415,-2.8309157894709065,3.340297032358193,-2.511559755209092,1.634306542911506,2.716368845877734,2.440989324425123,5.152388212025754,-0.6596921725878255,2.0172310845027788,3.5790526151382345,,-2.7665558116853717,5.520856158310105,3.089930389170174,4.2254475691619415,0.14302260714321413,-26.322987317827923,6.310920358030154,0.10830725490914582,2.2185849747752306
Feb-2013,3.408342977736389,3.275168851695571,0.3593961333757893,2.4523753405099535,2.0351477217436424,1.4796902174784132,7.815900002105905,0.4278572554563593,2.2062322763461397,-2.1963827870091324,-1.1544822909312633,0.44215039994708377,1.6498904094019786,5.912132085606064,0.5096738130012989,-2.65639091153367,3.4836576396943326,-2.42216051463221,1.6837456940929854,2.776147484623615,2.22913762242319,5.091232787166177,-0.5890899213694379,1.8837590497814376,3.6840942730909862,,-2.520700993397707,5.411217985938403,2.9119959571132146,4.00002499612342,0.28232302164491896,-26.319934030318347,6.600906576496835,0.0999248335202873,2.2051509913649947
Mar-2013,3.6617609285584356,3.1722503279055245,0.3080282224252399,2.5373672372690868,2.0798655451576633,1.5277600389547867,7.808246170663471,0.4293548012545611,2.2030374728519426,-2.074376491762555,-1.1155921409718141,0.46279290376626964,1.6718029950183095,5.985051211039512,0.6119723608407037,-2.4818660335964333,3.627018247030472,-2.3327612740553287,1.7331848452744645,2.8359261233694957,2.017285920421257,5.030077362306601,-0.5184876701510504,1.7502870150600964,3.7891359310437376,,-2.274846175110042,5.3015798135667005,2.734061525056256,3.7746024230848985,0.4216234361466238,-26.31688074280877,6.890892794963516,0.0915424121314288,2.1917170079547588
Apr-2013,3.9151788793804814,3.0693318041154782,0.25666031147469054,2.62235913402822,2.1245833685716846,1.57582986043116,7.800592339221039,0.4308523470527629,2.199842669357746,-1.9523701965159777,-1.076701991012365,0.48343540758545556,1.6937155806346407,6.057970336472962,0.7142709086801085,-2.3073411556591963,3.770378854366612,-2.243362033478447,1.7826239964559436,2.8957047621153764,1.8054342184193246,4.968921937447024,-0.44788541893266287,1.6168149803387553,3.894177588996489,,-2.028991356822378,5.191941641194999,2.5561270929992963,3.549179850046377,0.5609238506483285,-26.313827455299194,7.1808790134301965,0.08315999074257029,2.1782830245445224
May-2013,4.168596830202528,2.966413280325432,0.20529240052414116,2.707351030787353,2.169301191985706,1.6238996819075333,7.792938507778605,0.4323498928509647,2.196647865863549,-1.8303639012694004,-1.0378118410529158,0.5040779114046414,1.7156281662509716,6.13088946190641,0.8165694565195133,-2.1328162777219593,3.913739461702751,-2.1539627929015657,1.832063147637423,2.955483400861257,1.5935825164173918,4.907766512587448,-0.3772831677142753,1.483342945617414,3.9992192469492402,,-1.7831365385347135,5.082303468823297,2.378192660942337,3.3237572770078554,0.7002242651500334,-26.310774167789617,7.4708652318968785,0.07477756935371178,2.1648490411342864
Jun-2013,4.422014781024575,2.8634947565353857,0.15392448957359173,2.7923429275464864,2.214019015399727,1.6719695033839066,7.785284676336173,0.4338474386491665,2.1934530623693522,-1.7083576060228232,-0.9989216910934668,0.5247204152238273,1.7375407518673025,6.203808587339858,0.918868004358918,-1.9582913997847224,4.057100069038891,-2.064563552324684,1.881502298818902,3.015262039607138,1.3817308144154592,4.846611087727871,-0.3066809164958878,1.349870910896073,4.104260904901992,,-1.5372817202470488,4.972665296451595,2.200258228885378,3.098334703969334,0.8395246796517382,-26.30772088028004,7.760851450363559,0.06639514796485327,2.1514150577240505
Jul-2013,4.6754327318466204,2.76057623274534,0.10255657862304235,2.87733482430562,2.258736838813748,1.7200393248602799,7.77763084489374,0.4353449844473683,2.190258258875155,-1.586351310776246,-0.9600315411340177,0.5453629190430132,1.7594533374836336,6.276727712773307,1.0211665521983226,-1.7837665218474856,4.20046067637503,-1.9751643117478024,1.9309414500003812,3.075040678353019,1.1698791124135264,4.785455662868294,-0.2360786652775002,1.2163988761747317,4.209302562854743,,-1.2914269019593845,4.863027124079893,2.022323796828419,2.8729121309308123,0.9788250941534429,-26.304667592770464,8.05083766883024,0.058012726575994766,2.1379810743138146
Aug-2013,4.928850682668667,2.657657708955293,0.05118866767249297,2.9623267210647533,2.3034546622277694,1.7681091463366534,7.769977013451307,0.43684253024557007,2.1870634553809585,-1.4643450155296687,-0.9211413911745685,0.5660054228621991,1.7813659230999646,6.3496468382067555,1.1234651000377278,-1.609241643910249,4.34382128371117,-1.8857650711709206,1.9803806011818605,3.1348193170989,0.9580274104115936,4.724300238008718,-0.16547641405911273,1.0829268414533906,4.314344220807494,,-1.0455720836717202,4.753388951708191,1.8443893647714598,2.647489557892291,1.1181255086551478,-26.301614305260888,8.34082388729692,0.04963030518713625,2.124547090903578
Sep-2013,5.020662880925554,2.6062456072494857,0.05043679598762562,2.9067494565344347,2.347290169931453,1.8140161048399936,7.752801609831817,0.5070796218977709,2.2141109880218797,-1.2935725645657474,-0.8806458001433626,0.5912230033051161,1.8473598727595453,6.426268016776053,1.4747863093827465,-1.2668123707441175,4.396035913082389,-1.769045140744494,1.938084699806719,3.1661888387503407,0.9168726160175296,4.745212698912384,-0.06925094791851669,1.0566591054440189,4.357043995738001,,-0.8553962440807016,4.508121374684001,1.7154552888615169,2.5848427623555383,1.245423659412291,-25.67303873003735,8.346754179464988,-0.35159361447152854,2.133751264501259
Oct-2013,4.950869326617282,2.6063399276279173,0.10030096356844026,2.7106030307146645,2.3902433619248,1.857760200370301,7.72610463403527,0.6460562594039708,2.2714008567979187,-1.0740339578844824,-0.8385447680403996,0.6210156603717644,1.9574351864623758,6.506591248481198,2.075130180233379,-0.7564787023490924,4.357104564488685,-1.6250045204685222,1.8040537458749564,3.1691492433073414,1.0464147292313344,4.848193045579294,0.05259773314428795,1.1375956681466164,4.337401887646264,,-0.7208993831863288,4.127224393007324,1.6355215690985907,2.6849717443205545,1.360719546424873,-24.418940867099852,8.068628545334441,-1.1456590323999996,2.1655935951068557
Nov-2013,4.88107577230901,2.6064342480063485,0.1501651311492549,2.5144566048948938,2.4331965539181466,1.9015042959006085,7.699407658238724,0.7850328969101708,2.328690725573958,-0.8544953512032173,-0.7964437359374366,0.6508083174384126,2.0675105001652065,6.586914480186342,2.675474051084012,-0.24614503395406717,4.318173215894982,-1.4809639001925503,1.670022791943194,3.172109647864342,1.1759568424451394,4.951173392246204,0.17444641420709256,1.2185322308492141,4.317759779554527,,-0.586402522291956,3.7463274113306464,1.5555878493356647,2.785100726285571,1.476015433437455,-23.164843004162357,7.790502911203896,-1.9397244503284707,2.1974359257124525
Dec-2013,4.811282218000738,2.60652856838478,0.20002929873006955,2.3183101790751235,2.476149745911493,1.945248391430916,7.672710682442177,0.9240095344163706,2.385980594349997,-0.6349567445219522,-0.7543427038344737,0.6806009745050609,2.177585813868037,6.667237711891488,3.275817921934645,0.26418863444095786,4.279241867301278,-1.3369232799165782,1.5359918380114315,3.175070052421343,1.3054989556589445,5.054153738913114,0.29629509526989717,1.2994687935518117,4.29811767146279,,-0.45190566139758326,3.365430429653969,1.4756541295727386,2.8852297082505878,1.5913113204500369,-21.910745141224858,7.51237727707335,-2.7337898682569417,2.2292782563180493
Jan-2014,4.741488663692465,2.6066228887632112,0.2498934663108842,2.122163753255353,2.5191029379048397,1.9889924869612234,7.64601370664563,1.0629861719225704,2.4432704631260362,-0.41541813784068715,-0.7122416717315105,0.710393631571709,2.2876611275708676,6.747560943596633,3.876161792785278,0.7745223028359829,4.240310518707575,-1.1928826596406064,1.401960884079669,3.1780304569783437,1.4350410688727493,5.157134085580024,0.41814377633270183,1.3804053562544094,4.278475563371052,,-0.3174088005032104,2.9845334479772916,1.3957204098098126,2.9853586902156044,1.7066072074626188,-20.65664727828736,7.234251642942804,-3.527855286185413,2.261120586923646
Feb-2014,4.671695109384193,2.6067172091416424,0.2997576338916988,1.9260173274355825,2.5620561298981865,2.032736582491531,7.619316730849084,1.2019628094287704,2.5005603319020757,-0.19587953115942192,-0.6701406396285476,0.7401862886383572,2.397736441273698,6.827884175301778,4.476505663635911,1.2848559712310081,4.201379170113871,-1.0488420393646343,1.2679299301479063,3.1809908615353444,1.5645831820865543,5.260114432246934,0.5399924573955064,1.461341918957007,4.258833455279315,,-0.18291193960883767,2.6036364663006144,1.3157866900468864,3.0854876721806206,1.8219030944752008,-19.40254941534986,6.956126008812259,-4.321920704113884,2.292962917529243
Mar-2014,4.601901555075921,2.606811529520074,0.3496218014725134,1.729870901615812,2.6050093218915333,2.0764806780218383,7.592619755052537,1.3409394469349705,2.5578502006781147,0.023659075521843098,-0.6280396075255846,0.7699789457050055,2.5078117549765286,6.908207407006923,5.076849534486543,1.7951896396260334,4.162447821520167,-0.9048014190886625,1.1338989762161438,3.183951266092345,1.6941252953003594,5.363094778913844,0.661841138458311,1.5422784816596047,4.239191347187578,,-0.04841507871446482,2.222739484623937,1.2358529702839602,3.185616654145637,1.9371989814877826,-18.14845155241236,6.678000374681712,-5.115986122042355,2.32480524813484
Apr-2014,4.532108000767649,2.606905849898505,0.39948596905332806,1.5337244757960415,2.6479625138848797,2.120224773552146,7.56592277925599,1.4799160844411703,2.615140069454154,0.2431976822031081,-0.5859385754226216,0.7997716027716537,2.6178870686793596,6.988530638712068,5.677193405337176,2.3055233080210584,4.123516472926464,-0.7607607988126905,0.9998680222843814,3.186911670649346,1.8236674085141642,5.466075125580754,0.7836898195211157,1.6232150443622022,4.219549239095841,,0.08608178217990803,1.8418425029472596,1.155919250521034,3.2857456361106534,2.0524948685003648,-16.894353689474865,6.399874740551166,-5.910051539970826,2.3566475787404366
May-2014,4.462314446459377,2.6070001702769368,0.44935013663414275,1.3375780499762713,2.6909157058782265,2.1639688690824532,7.539225803459444,1.61889272194737,2.6724299382301933,0.46273628888437335,-0.5438375433196587,0.829564259838302,2.7279623823821897,7.068853870417213,6.277537276187809,2.815856976416084,4.08458512433276,-0.6167201785367187,0.8658370683526189,3.1898720752063467,1.953209521727969,5.569055472247664,0.9055385005839203,1.7041516070648,4.199907131004103,,0.22057864307428066,1.460945521270582,1.0759855307581079,3.38587461807567,2.1677907555129465,-15.640255826537366,6.121749106420621,-6.704116957899297,2.3884899093460334
Jun-2014,4.392520892151104,2.607094490655368,0.4992143042149574,1.1414316241565008,2.7338688978715733,2.2077129646127607,7.512528827662897,1.7578693594535701,2.7297198070062323,0.6822748955656384,-0.5017365112166957,0.8593569169049502,2.8380376960850207,7.1491771021223585,6.877881147038442,3.326190644811109,4.045653775739057,-0.4726795582607468,0.7318061144208563,3.1928324797633474,2.0827516349417743,5.672035818914574,1.0273871816467248,1.7850881697673975,4.180265022912366,,0.3550755039686535,1.0800485395939048,0.9960518109951819,3.4860036000406867,2.2830866425255287,-14.386157963599869,5.843623472290075,-7.498182375827768,2.4203322399516303
Jul-2014,4.322727337842832,2.6071888110337995,0.549078471795772,0.9452851983367303,2.7768220898649196,2.251457060143068,7.48583185186635,1.89684599695977,2.7870096757822718,0.9018135022469036,-0.4596354791137327,0.8891495739715984,2.948113009787851,7.229500333827503,7.478225017889075,3.8365243132061337,4.006722427145353,-0.3286389379847747,0.597775160489094,3.1957928843203485,2.212293748155579,5.775016165581484,1.1492358627095296,1.8660247324699952,4.160622914820628,,0.48957236486302635,0.6991515579172272,0.9161180912322558,3.5861325820057033,2.3983825295381105,-13.13206010066237,5.565497838159528,-8.292247793756239,2.452174570557227
Aug-2014,4.25293378353456,2.6072831314122307,0.5989426393765866,0.74913877251696,2.8197752818582664,2.2952011556733756,7.459134876069804,2.03582263446597,2.844299544558311,1.1213521089281684,-0.41753444701076975,0.9189422310382467,3.0581883234906817,7.309823565532648,8.078568888739708,4.346857981601159,3.9677910785516493,-0.18459831770880286,0.4637442065573314,3.198753288877349,2.341835861369384,5.877996512248393,1.2710845437723342,1.9469612951725928,4.140980806728892,,0.6240692257573992,0.31825457624055,0.8361843714693297,3.6862615639707195,2.5136784165506922,-11.877962237724873,5.287372204028983,-9.086313211684711,2.484016901162824
Sep-2014,4.1831402292262885,2.607377451790662,0.6488068069574013,0.5529923466971893,2.862728473851613,2.338945251203683,7.432437900273257,2.17479927197217,2.9015894133343503,1.3408907156094336,-0.3754334149078068,0.9487348881048949,3.1682636371935122,7.390146797237794,8.678912759590341,4.857191649996184,3.9288597299579457,-0.040557697432831,0.32971325262556883,3.2017136934343498,2.471377974583189,5.9809768589153025,1.3929332248351387,2.0278978578751907,4.121338698637154,,0.7585660866517718,-0.06264240543612765,0.7562506517064036,3.7863905459357357,2.6289743035632744,-10.623864374787374,5.009246569898437,-9.880378629613181,2.5158592317684207
Oct-2014,4.3198730780561005,2.58354274491367,0.6820510098556934,0.26573696771657074,2.742672902547549,2.3083957699042945,7.403149845877794,2.167330966422779,3.001565245074743,1.5394661619500494,-0.311463017549857,0.9654024222658595,3.138398692478507,7.44469973342889,9.74936664547563,4.607736243184949,3.8348150925843165,0.041502568993833804,0.3705832307665346,3.1793155283187606,2.515443498334865,5.9528872676977995,1.4549115319217953,2.0369089237203806,4.122399578914857,,0.85100534562151,0.070319603380184,0.5769150777909807,3.852460219176914,2.7655325878216255,-9.94971942106353,5.007054675664085,-10.060900409317199,2.548627499133497
Nov-2014,4.525448061265274,2.5517316956182032,0.7097552245264782,-0.051888062317664296,2.5682810768110143,2.2530817629950075,7.372998098616024,2.111047679854857,3.1157697311365866,1.7310538881771151,-0.24020283177357835,0.9776949154582629,3.0618869949575562,7.490662571115305,10.976523869705803,4.105017811304961,3.7223993589507116,0.10290271747072939,0.46975351959841005,3.1484645066456416,2.5310168255991643,5.8811076971854925,1.4969330476830691,2.0219448239464346,4.1303614553157075,,0.9294254039497033,0.3745679423608254,0.3644455524913923,3.9071767895101464,2.909178337828566,-9.468892103744237,5.0968406947284635,-10.0369076429464,2.5817044120850667
Dec-2014,4.731023044474447,2.5199206463227366,0.7374594391972629,-0.36951309235189933,2.393889251074479,2.1977677560857205,7.342846351354254,2.0547643932869355,3.2299742171984307,1.922641614404181,-0.16894264599729966,0.9899874086506663,2.985375297436606,7.536625408801719,12.203681093935975,3.6022993794249727,3.609983625317107,0.164302865947625,0.5689238084302854,3.117613484972522,2.546590152863464,5.809328126673185,1.5389545634443427,2.0069807241724886,4.138323331716558,,1.0078454622778967,0.6788162813414667,0.15197602719180392,3.9618933598433785,3.052824087835506,-8.988064786424943,5.186626713792842,-10.0129148765756,2.614781325036636
Jan-2015,4.93659802768362,2.48810959702727,0.7651636538680476,-0.6871381223861344,2.2194974253379445,2.1424537491764335,7.312694604092485,1.998481106719014,3.3441787032602748,2.1142293406312467,-0.097682460221021,1.0022799018430697,2.908863599915655,7.5825882464881325,13.430838318166147,3.0995809475449843,3.4975678916835022,0.22570301442452062,0.668094097262161,3.086762463299403,2.5621634801277637,5.737548556160878,1.5809760792056164,1.9920166243985429,4.1462852081174075,,1.08626552060609,0.9830646203221081,-0.06049349810778448,4.01660993017661,3.1964698378424465,-8.507237469105647,5.276412732857221,-9.988922110204799,2.6478582379882054
Feb-2015,5.142173010892793,2.4562985477318033,0.7928678685388324,-1.0047631524203695,2.04510559960141,2.0871397422671465,7.282542856830715,1.9421978201510925,3.4583831893221184,2.305817066858313,-0.026422274444742322,1.014572395035473,2.832351902394705,7.628551084174546,14.65799554239632,2.5968625156649963,3.3851521580498973,0.2871031629014162,0.7672643860940365,3.0559114416262836,2.5777368073920632,5.66576898564857,1.6229975949668902,1.9770525246245971,4.154247084518258,,1.1646855789342834,1.2873129593027495,-0.2729630234073728,4.0713265005098425,3.340115587849387,-8.026410151786354,5.3661987519215995,-9.964929343834,2.6809351509397747
Mar-2015,5.347747994101967,2.4244874984363367,0.820572083209617,-1.3223881824546044,1.8707137738648751,2.0318257353578595,7.252391109568946,1.885914533583171,3.5725876753839625,2.4974047930853787,0.04483791133153636,1.0268648882278764,2.755840204873754,7.674513921860961,15.885152766626492,2.094144083785008,3.272736424416293,0.3485033113783118,0.866434674925912,3.0250604199531645,2.5933101346563627,5.593989415136263,1.665019110728164,1.9620884248506512,4.162208960919108,,1.2431056372624767,1.5915612982833907,-0.4854325487069613,4.126043070843075,3.4837613378563272,-7.5455828344670595,5.455984770985978,-9.9409365774632,2.714012063891344
Apr-2015,5.55332297731114,2.39267644914087,0.8482762978804018,-1.6400132124888396,1.6963219481283405,1.9765117284485723,7.222239362307176,1.8296312470152494,3.6867921614458066,2.6889925193124444,0.11609809710781499,1.0391573814202797,2.6793285073528033,7.720476759547375,17.112309990856666,1.5914256519050198,3.1603206907826884,0.4099034598552074,0.9656049637577873,2.994209398280045,2.6088834619206622,5.522209844623955,1.7070406264894376,1.9471243250767052,4.170170837319959,,1.32152569559067,1.895809637264032,-0.6979020740065496,4.180759641176307,3.6274070878632676,-7.0647555171477645,5.545770790050357,-9.9169438110924,2.7470889768429134
May-2015,5.758897960520313,2.360865399845403,0.8759805125511865,-1.9576382425230747,1.5219301223918058,1.9211977215392853,7.192087615045407,1.773347960447328,3.8009966475076506,2.88058024553951,0.18735828288409373,1.051449874612683,2.602816809831853,7.766439597233789,18.339467215086835,1.0887072200250314,3.0479049571490835,0.471303608332103,1.0647752525896628,2.963358376606926,2.624456789184962,5.450430274111648,1.7490621422507113,1.9321602253027594,4.178132713720808,,1.3999457539188633,2.2000579762446733,-0.9103715993061381,4.235476211509539,3.771052837870208,-6.58392819982847,5.635556809114735,-9.892951044721599,2.7801658897944828
Jun-2015,5.964472943729486,2.3290543505499364,0.9036847272219712,-2.2752632725573094,1.347538296655271,1.8658837146299982,7.1619358677836376,1.7170646738794062,3.9152011335694943,3.072167971766576,0.2586184686603723,1.0637423678050864,2.526305112310902,7.8124024349202035,19.56662443931701,0.585988788145043,2.9354892235154786,0.5327037568089986,1.1639455414215383,2.932507354933807,2.6400301164492617,5.37865070359934,1.791083658011985,1.9171961255288135,4.186094590121659,,1.4783658122470567,2.504306315225315,-1.1228411246057264,4.290192781842771,3.9146985878771483,-6.103100882509176,5.725342828179115,-9.8689582783508,2.8132428027460525
Jul-2015,6.170047926938659,2.2972433012544697,0.9313889418927559,-2.5928883025915446,1.1731464709187363,1.810569707720711,7.131784120521869,1.6607813873114847,4.029405619631339,3.263755697993642,0.329878654436651,1.0760348609974897,2.449793414789952,7.858365272606617,20.793781663547183,0.08327035626505541,2.823073489881874,0.5941039052858942,1.2631158302534138,2.9016563332606875,2.655603443713561,5.306871133087032,1.8331051737732587,1.9022320257548677,4.194056466522509,,1.55678587057525,2.808554654205956,-1.335310649905315,4.344909352176003,4.058344337884089,-5.622273565189882,5.815128847243494,-9.84496551198,2.846319715697622
Aug-2015,6.375622910147833,2.265432251959003,0.9590931565635407,-2.9105133326257797,0.9987546451822016,1.755255700811424,7.101632373260099,1.6044981007435632,4.143610105693182,3.4553434242207075,0.40113884021292967,1.0883273541898932,2.373281717269001,7.904328110293031,22.020938887777355,-0.419448075614933,2.710657756248269,0.6555040537627898,1.3622861190852893,2.8708053115875685,2.671176770977861,5.235091562574725,1.8751266895345324,1.8872679259809217,4.20201834292336,,1.6352059289034433,3.1128029931865977,-1.5477801752049032,4.399625922509236,4.201990087891029,-5.141446247870588,5.904914866307872,-9.8209727456092,2.879396628649191
Sep-2015,6.581197893357006,2.2336212026635365,0.9867973712343254,-3.228138362660015,0.8243628194456667,1.699941693902137,7.07148062599833,1.5482148141756418,4.257814591755026,3.6469311504477737,0.47239902598920835,1.1006198473822966,2.2967700197480507,7.950290947979446,23.248096112007527,-0.9221665074949215,2.5982420226146647,0.7169042022396854,1.4614564079171646,2.839954289914449,2.6867500982421606,5.163311992062418,1.9171482052958062,1.8723038262069758,4.209980219324209,,1.7136259872316366,3.417051332167239,-1.7602497005044915,4.454342492842468,4.345635837897969,-4.660618930551294,5.994700885372251,-9.7969799792384,2.9124735416007606
Oct-2015,6.78677287656618,2.20181015336807,1.01450158590511,-3.54576339269425,0.649970993709132,1.64462768699285,7.04132887873656,1.49193152760772,4.37201907781687,3.83851887667484,0.543659211765487,1.1129123405747,2.2202583222271,7.99625378566586,24.4752533362377,-1.42488493937491,2.48582628898106,0.778304350716581,1.56062669674904,2.80910326824133,2.70232342550646,5.09153242155011,1.95916972105708,1.85733972643303,4.21794209572506,,1.79204604555983,3.72129967114788,-1.97271922580408,4.5090590631757,4.48928158790491,-4.179791613232,6.08448690443663,-9.7729872128676,2.94555045455233
Nov-2015,6.690672318388388,2.2470911315644737,1.090967121308994,-3.524598962508185,0.6804478518431594,1.6778874501384775,7.026225610204878,1.5498192405655578,4.3700288329699895,3.775715368051281,0.7215257650885336,1.1115438749390747,2.1967920548814606,8.016649998694541,22.694100672954377,-0.6217499133440778,2.6455011140654143,0.818708929606188,1.497348269231746,2.81990942093505,2.629395567698423,5.041199007908173,1.9774084660142683,1.8030169427890943,4.40271826744156,,1.8098844259561664,4.124697251446819,-1.8028047711323456,4.303210723764066,4.299580533992443,-4.3543640937127766,5.867906300830421,-8.815028847550872,2.857228965939828
Dec-2015,6.594571760210595,2.2923721097608776,1.1674326567128779,-3.5034345323221197,0.7109247099771866,1.711147213284105,7.011122341673195,1.6077069535233952,4.368038588123109,3.7129118594277215,0.8993923184115802,1.1101754093034497,2.1733257875358216,8.037046211723222,20.912948009671055,0.18138511268675428,2.805175939149769,0.8591135084957949,1.4340698417144515,2.83071557362877,2.5564677098903865,4.990865594266236,1.9956472109714565,1.7486941591451586,4.587494439158059,,1.8277228063525028,4.528094831745758,-1.6328903164606112,4.097362384352433,4.109879480079976,-4.528936574193553,5.651325697224211,-7.857070482234145,2.768907477327326
Jan-2016,6.498471202032803,2.337653087957282,1.2438981921167618,-3.4822701021360545,0.7414015681112139,1.7444069764297323,6.996019073141513,1.6655946664812329,4.366048343276228,3.650108350804162,1.0772588717346268,1.1088069436678245,2.1498595201901822,8.057442424751905,19.131795346387733,0.9845201387175866,2.9648507642341233,0.899518087385402,1.3707914141971573,2.84152172632249,2.4835398520823495,4.940532180624299,2.013885955928645,1.6943713755012229,4.772270610874559,,1.8455611867488393,4.931492412044697,-1.4629758617888766,3.8915140449407986,3.9201784261675097,-4.7035090546743294,5.434745093618002,-6.8991121169174185,2.680585988714824
Feb-2016,6.402370643855011,2.3829340661536857,1.320363727520646,-3.4611056719499897,0.7718784262452412,1.7776667395753598,6.980915804609831,1.7234823794390706,4.364058098429347,3.587304842180603,1.255125425057673,1.1074384780321995,2.1263932528445433,8.077838637780586,17.35064268310441,1.7876551647484185,3.124525589318478,0.939922666275009,1.307512986679863,2.85232787901621,2.4106119942743125,4.890198766982361,2.032124700885833,1.6400485918572874,4.957046782591058,,1.863399567145176,5.334889992343635,-1.2930614071171422,3.685665705529165,3.7304773722550433,-4.878081535155106,5.218164490011792,-5.941153751600691,2.592264500102322
Mar-2016,6.306270085677219,2.4282150443500896,1.3968292629245296,-3.4399412417639246,0.8023552843792685,1.8109265027209873,6.965812536078148,1.7813700923969082,4.362067853582467,3.524501333557044,1.43299197838072,1.1060700123965743,2.102926985498904,8.098234850809268,15.569490019821087,2.5907901907792503,3.2842004144028323,0.9803272451646159,1.2442345591625688,2.86313403170993,2.337684136466276,4.839865353340424,2.050363445843021,1.5857258082133514,5.141822954307558,,1.8812379475415124,5.738287572642574,-1.1231469524454079,3.4798173661175316,3.5407763183425764,-5.052654015635882,5.001583886405583,-4.983195386283964,2.5039430114898202
Apr-2016,6.210169527499427,2.4734960225464935,1.4732947983284137,-3.4187768115778594,0.8328321425132958,1.8441862658666146,6.950709267546466,1.839257805354746,4.360077608735585,3.4616978249334847,1.6108585317037662,1.1047015467609493,2.079460718153265,8.118631063837949,13.788337356537765,3.393925216810083,3.443875239487187,1.020731824054223,1.1809561316452744,2.87394018440365,2.264756278658239,4.789531939698486,2.0686021908002097,1.531403024569416,5.326599126024057,,1.8990763279378489,6.141685152941513,-0.9532324977736732,3.2739690267058976,3.3510752644301096,-5.227226496116659,4.785003282799373,-4.0252370209672375,2.415621522877318
May-2016,6.114068969321635,2.5187770007428973,1.5497603337322976,-3.3976123813917942,0.8633090006473231,1.8774460290122421,6.935605999014784,1.8971455183125834,4.358087363888704,3.3988943163099252,1.7887250850268128,1.1033330811253241,2.0559944508076256,8.139027276866631,12.007184693254443,4.197060242840915,3.6035500645715417,1.06113640294383,1.1176777041279802,2.88474633709737,2.191828420850202,4.7391985260565495,2.086840935757398,1.4770802409254802,5.511375297740557,,1.9169147083341853,6.545082733240452,-0.7833180431019389,3.0681206872942637,3.161374210517643,-5.401798976597435,4.568422679193164,-3.06727865565051,2.327300034264816
Jun-2016,6.017968411143842,2.564057978939301,1.6262258691361815,-3.376447951205729,0.8937858587813503,1.9107057921578696,6.920502730483101,1.955033231270421,4.356097119041824,3.3360908076863662,1.9665916383498594,1.1019646154896992,2.032528183461986,8.159423489895312,10.22603202997112,5.000195268871747,3.763224889655896,1.101540981833437,1.054399276610686,2.89555248979109,2.118900563042165,4.688865112414612,2.105079680714586,1.4227574572815445,5.696151469457057,,1.9347530887305218,6.94848031353939,-0.6134035884302045,2.86227234788263,2.9716731566051764,-5.576371457078212,4.351842075586955,-2.109320290333783,2.2389785456523144
Jul-2016,5.9218678529660504,2.609338957135705,1.7026914045400654,-3.355283521019664,0.9242627169153776,1.9439655553034971,6.9053994619514185,2.0129209442282585,4.354106874194943,3.2732872990628072,2.144458191672906,1.100596149854074,2.009061916116347,8.179819702923995,8.444879366687797,5.803330294902579,3.9228997147402507,1.1419455607230438,0.9911208490933916,2.90635864248481,2.0459727052341283,4.638531698772675,2.123318425671774,1.3684346736376087,5.880927641173556,,1.9525914691268582,7.35187789383833,-0.4434891337584701,2.6564240084709967,2.78197210269271,-5.750943937558988,4.135261471980745,-1.1513619250170564,2.1506570570398122
Aug-2016,5.825767294788259,2.654619935332109,1.7791569399439493,-3.334119090833599,0.954739575049405,1.9772253184491246,6.890296193419736,2.070808657186096,4.352116629348062,3.210483790439248,2.3223247449959525,1.099227684218449,1.9855956487707078,8.200215915952676,6.663726703404475,6.6064653209334105,4.082574539824606,1.1823501396126508,0.9278424215760973,2.91716479517853,1.9730448474260913,4.588198285130737,2.1415571706289627,1.314111889993673,6.065703812890056,,1.9704298495231947,7.755275474137267,-0.2735746790867357,2.4505756690593627,2.592271048780243,-5.925516418039765,3.9186808683745356,-0.19340355970032874,2.0623355684273106
Sep-2016,5.729666736610467,2.6999009135285132,1.8556224753478334,-3.312954660647534,0.9852164331834322,2.010485081594752,6.875192924888054,2.128696370143934,4.3501263845011815,3.1476802818156884,2.500191298318999,1.0978592185828238,1.9621293814250687,8.220612128981358,4.882574040121153,7.409600346964242,4.24224936490896,1.2227547185022578,0.864563994058803,2.9279709478722498,1.9001169896180545,4.5378648714888,2.159795915586151,1.2597891063497375,6.250479984606555,,1.9882682299195311,8.158673054436207,-0.10366022441500111,2.244727329647729,2.4025699948677763,-6.100088898520541,3.702100264768326,0.7645548056163989,1.9740140798148085
Oct-2016,5.633566178432674,2.745181891724917,1.932088010751717,-3.291790230461469,1.0156932913174597,2.043744844740379,6.860089656356371,2.1865840831017715,4.348136139654301,3.0848767731921294,2.6780578516420457,1.0964907529471988,1.9386631140794295,8.241008342010039,3.1014213768378305,8.212735372995077,4.401924189993315,1.2631592973918648,0.8012855665415088,2.9387771005659697,1.8271891318100177,4.487531457846862,2.178034660543339,1.2054663227058016,6.435256156323055,,2.0061066103158676,8.562070634735147,0.06625423025673349,2.0388789902360953,2.2128689409553095,-6.2746613790013175,3.485519661162117,1.7225131709331247,1.8856925912023064
Nov-2016,5.4668550334099555,2.7701145226588073,1.9947143244654553,-3.1857446340598434,1.0776741499707234,2.054848684550866,6.850692373356811,2.2388279314718904,4.3433998784426,3.036558192460228,2.818927411007856,1.1189145133371412,1.9354556930711624,8.227659970746338,1.9135118289218829,8.696330144543111,4.516874733166372,1.3008038356670995,0.7718954715067046,2.9510533626360935,1.7744390285484595,4.476505731188309,2.205815460317874,1.190195255563607,6.53185372867375,,2.048639511087616,8.71863350119442,0.22569203190284393,1.8654055968519367,2.0803447461041715,-6.294172916579717,3.405023684549959,2.439393520137812,1.8319646282493423
Dec-2016,5.088312127852455,2.7340021118051565,2.0158229731087554,-2.8250555390115366,1.2341670101816966,1.9994847543559293,6.858413046953614,2.274140186078852,4.330425568136442,3.0316943954033,2.8488059885019603,1.2127149518037867,1.9930248110750117,8.113077846605487,2.5053316271080543,8.221304152642762,4.4976524306055365,1.330168252099217,0.8441703739193706,2.9677399528354274,1.782222188926337,4.5834030654799065,2.262222424544448,1.2920793379266353,6.36391550292703,,2.1652559729855985,8.134692226134696,0.3536998744720836,1.7890570415502036,2.119351128437019,-5.848501625450983,3.732781588919955,2.4330398210063797,1.8820172422749917
Jan-2017,4.7097692222949545,2.6978897009515053,2.036931621752056,-2.46436644396323,1.39065987039267,1.9441208241609929,6.866133720550417,2.3094524406858135,4.3174512578302835,3.0268305983463724,2.878684565996065,1.3065153902704323,2.050593929078861,7.998495722464634,3.0971514252942263,7.746278160742414,4.4784301280447005,1.3595326685313347,0.9164452763320365,2.9844265430347616,1.7900053493042147,4.6903003997715045,2.318629388771022,1.3939634202896636,6.19597727718031,,2.281872434883581,7.5507509510749715,0.4817077170413233,1.7127084862484707,2.1583575107698656,-5.40283033432225,4.0605394932899515,2.4266861218749476,1.932069856300641
Feb-2017,4.331226316737455,2.6617772900978545,2.0580402703953564,-2.103677348914923,1.5471527306036434,1.8887568939660564,6.87385439414722,2.344764695292775,4.304476947524125,3.0219668012894445,2.908563143490169,1.4003158287370778,2.1081630470827104,7.883913598323782,3.688971223480398,7.271252168842065,4.459207825483865,1.3888970849634525,0.9887201787447026,3.001113133234096,1.7977885096820923,4.7971977340631025,2.375036352997596,1.4958475026526918,6.0280390514335895,,2.398488896781564,6.966809676015248,0.609715559610563,1.6363599309467376,2.197363893102713,-4.957159043193515,4.388297397659947,2.4203324227435155,1.9821224703262905
Mar-2017,3.9526834111799545,2.625664879244203,2.0791489190386567,-1.7429882538666166,1.7036455908146166,1.83339296377112,6.8815750677440235,2.3800769498997365,4.291502637217967,3.0171030042325166,2.9384417209842733,1.4941162672037234,2.16573216508656,7.7693314741829305,4.28079102166657,6.796226176941716,4.43998552292303,1.4182615013955702,1.0609950811573687,3.0177997234334297,1.80557167005997,4.9040950683546995,2.4314433172241703,1.59773158501572,5.86010082568687,,2.5151053586795467,6.382868400955523,0.7377234021798027,1.5600113756450047,2.2363702754355597,-4.511487752064782,4.716055302029943,2.4139787236120833,2.03217508435194
Apr-2017,3.5741405056224544,2.5895524683905524,2.100257567681957,-1.38229915881831,1.86013845102559,1.7780290335761835,6.889295741340827,2.415389204506698,4.278528326911808,3.012239207175589,2.968320298478378,1.5879167056703687,2.2233012830904095,7.654749350042079,4.872610819852741,6.321200185041367,4.420763220362195,1.4476259178276878,1.1332699835700346,3.034486313632764,1.8133548304378477,5.0109924026462975,2.4878502814507444,1.6996156673787484,5.69216259994015,,2.6317218205775292,5.7989271258957995,0.8657312447490424,1.4836628203432718,2.275376657768407,-4.065816460936048,5.043813206399939,2.407625024480651,2.0822276983775896
May-2017,3.1955976000649544,2.5534400575369016,2.1213662163252573,-1.0216100637700034,2.0166313112365635,1.722665103381247,6.89701641493763,2.4507014591136596,4.26555401660565,3.007375410118661,2.998198875972482,1.6817171441370142,2.280870401094259,7.540167225901227,5.4644306180389135,5.846174193141018,4.40154091780136,1.4769903342598054,1.2055448859827007,3.0511729038320983,1.8211379908157252,5.1178897369378955,2.5442572456773185,1.8014997497417766,5.52422437419343,,2.7483382824755123,5.214985850836076,0.9937390873182821,1.4073142650415387,2.3143830401012537,-3.620145169807315,5.371571110769935,2.401271325349219,2.132280312403239
Jun-2017,2.817054694507454,2.5173276466832504,2.142474864968558,-0.6609209687216966,2.1731241714475367,1.6673011731863105,6.904737088534433,2.486013713720621,4.252579706299492,3.002511613061733,3.028077453466586,1.7755175826036598,2.338439519098108,7.425585101760375,6.056250416225085,5.371148201240669,4.382318615240524,1.506354750691923,1.2778197883953668,3.067859494031432,1.828921151193603,5.224787071229493,2.6006642099038926,1.9033838321048049,5.35628614844671,,2.864954744373495,4.631044575776352,1.1217469298875218,1.3309657097398055,2.353389422434101,-3.1744738786785813,5.699329015139932,2.394917626217787,2.1823329264288884
Jul-2017,2.438511788949954,2.4812152358295996,2.1635835136118584,-0.3002318736733902,2.3296170316585103,1.611937242991374,6.912457762131236,2.5213259683275826,4.239605395993333,2.9976478160048052,3.057956030960691,1.8693180210703053,2.3960086371019576,7.311002977619523,6.6480702144112565,4.89612220934032,4.363096312679689,1.5357191671240407,1.350094690808033,3.0845460842307664,1.8367043115714805,5.331684405521091,2.6570711741304667,2.005267914467833,5.18834792269999,,2.9815712062714774,4.0471033007166275,1.2497547724567615,1.2546171544380726,2.392395804766948,-2.7288025875498474,6.0270869195099275,2.388563927086355,2.232385540454538
Aug-2017,2.059968883392454,2.4451028249759483,2.1846921622551587,0.0604572213749166,2.486109891869483,1.5565733127964376,6.920178435728039,2.5566382229345446,4.226631085687175,2.9927840189478774,3.087834608454795,1.9631184595369509,2.4535777551058073,7.1964208534786716,7.239890012597428,4.421096217439971,4.343874010118854,1.5650835835561583,1.4223695932206988,3.1012326744301006,1.8444874719493582,5.4385817398126886,2.7134781383570408,2.1071519968308614,5.02040969695327,,3.0981876681694605,3.463162025656904,1.3777626150260012,1.1782685991363397,2.431402187099795,-2.2831312964211143,6.354844823879924,2.3822102279549227,2.2824381544801873
Sep-2017,1.6814259778349538,2.4089904141222975,2.205800810898459,0.4211463164232234,2.6426027520804567,1.5012093826015012,6.9278991093248425,2.591950477541506,4.213656775381017,2.9879202218909495,3.117713185948899,2.0569188980035964,2.5111468731096567,7.08183872933782,7.831709810783599,3.9460702255396223,4.324651707558019,1.594447999988276,1.4946444956333649,3.1179192646294345,1.852270632327236,5.545479074104286,2.769885102583615,2.20903607919389,4.85247147120655,,3.214804130067443,2.87922075059718,1.5057704575952409,1.1019200438346066,2.4704085694326423,-1.83746000529238,6.68260272824992,2.3758565288234905,2.3324907685058367
Oct-2017,1.3028830722774538,2.3728780032686467,2.2269094595417593,0.7818354114715302,2.7990956122914303,1.4458454524065647,6.935619782921646,2.6272627321484676,4.200682465074858,2.9830564248340217,3.1475917634430033,2.1507193364702415,2.568715991113506,6.967256605196967,8.423529608969773,3.4710442336392733,4.3054294049971835,1.6238124164203935,1.5669193980460308,3.1346058548287687,1.8600537927051135,5.652376408395884,2.826292066810189,2.310920161556918,4.68453324545983,,3.3314205919654256,2.2952794755374564,1.6337783001644806,1.0255714885328735,2.509414951765489,-1.3917887141636465,7.010360632619916,2.3695028296920584,2.3825433825314857
Nov-2017,0.9243401667199533,2.3367655924149955,2.24801810818506,1.1425245065198362,2.955588472502403,1.3904815222116282,6.943340456518449,2.662574986755429,4.1877081547687,2.978192627777094,3.177470340937108,2.2445197749368875,2.6262851091173554,6.852674481056116,9.015349407155943,2.9960182417389243,4.286207102436348,1.6531768328525112,1.6391943004586969,3.151292445028103,1.8678369530829912,5.759273742687482,2.882699031036763,2.412804243919946,4.51659501971311,,3.448037053863408,1.7113382004777318,1.7617861427337203,0.9492229332311406,2.5484213340983364,-0.946117423034913,7.338118536989912,2.3631491305606263,2.4325959965571355
Dec-2017,0.757768524435108,2.3417546312277975,2.265114115972353,1.3409395523808532,3.0224281782360336,1.421530782114245,6.939458559559165,2.6136037215861974,4.226314631743303,2.9486512661203004,3.11191191924284,2.2747002324702015,2.60599995901208,6.781990004318667,9.278280331569803,2.57824984121153,4.268506772186666,1.6387591155761847,1.6348634878138655,3.149744290466734,1.8756639670281818,5.774697490873105,2.889334379096524,2.399634692122485,4.500040679551728,,3.4805798200888467,1.4118267713745036,1.8642785089821703,1.0007811310586983,2.543693086850449,-0.6402834301850993,7.325965427186289,2.404222871553015,2.4775784905281677
Jan-2018,0.8031681454229179,2.3878451197070523,2.2781974829036393,1.3770805490545794,2.9996147294923206,1.5389932321144153,6.923974092043797,2.480348936640772,4.3165018959986705,2.894432339863641,2.9509164983602,2.241260709070184,2.50786054079768,6.75520317498462,9.212322382211351,2.2177390320570898,4.252328414248138,1.5805592645914137,1.5539269601115369,3.1299613911446618,1.8835348345406853,5.698647652952754,2.846198110989471,2.2714115061645344,4.634870224975684,,3.42904889064174,1.396745188227771,1.9412553989098307,1.1802460820155465,2.495230210021827,-0.4742867356142038,6.973901303209048,2.4927240526692254,2.5174908644445826
Feb-2018,0.848567766410728,2.4339356081863075,2.2912808498349255,1.4132215457283057,2.9768012807486075,1.6564556821145855,6.908489624528428,2.3470941516953467,4.406689160254038,2.840213413606981,2.78992107747756,2.207821185670167,2.40972112258328,6.728416345650574,9.146364432852899,1.8572282229026498,4.236150056309611,1.522359413606643,1.4729904324092082,3.1101784918225897,1.891405702053189,5.622597815032404,2.8030618428824186,2.1431883202065842,4.76969977039964,,3.3775179611946333,1.3816636050810387,2.018232288837491,1.359711032972395,2.446767333193205,-0.3082900410433083,6.621837179231806,2.5812252337854353,2.5574032383609975
Mar-2018,0.8939673873985379,2.4800260966655623,2.304364216766212,1.449362542402032,2.9539878320048945,1.7739181321147557,6.89300515701306,2.2138393667499217,4.496876424509405,2.7859944873503215,2.62892565659492,2.1743816622701497,2.31158170436888,6.701629516316528,9.080406483494446,1.4967174137482098,4.219971698371083,1.4641595626218722,1.3920539047068794,3.0903955925005175,1.8992765695656924,5.546547977112053,2.759925574775366,2.0149651342486337,4.904529315823596,,3.325987031747527,1.3665820219343061,2.0952091787651512,1.5391759839292432,2.398304456364583,-0.14229334647241287,6.269773055254564,2.6697264149016458,2.5973156122774124
Apr-2018,0.9393670083863479,2.526116585144817,2.3174475836974984,1.4855035390757583,2.931174383261182,1.8913805821149259,6.8775206894976915,2.080584581804496,4.587063688764772,2.731775561093662,2.46793023571228,2.140942138870132,2.2134422861544802,6.6748426869824815,9.014448534135992,1.1362066045937698,4.203793340432555,1.4059597116371014,1.3111173770045508,3.0706126931784454,1.9071474370781958,5.470498139191703,2.7167893066683138,1.886741948290683,5.039358861247552,,3.27445610230042,1.3515004387875735,2.172186068692812,1.7186409348860914,2.349841579535961,0.023703348098482624,5.917708931277323,2.7582275960178557,2.6372279861938273
May-2018,0.9847666293741578,2.572207073624072,2.3305309506287846,1.5216445357494846,2.908360934517469,2.008843032115096,6.862036221982323,1.947329796859071,4.677250953020139,2.677556634837002,2.3069348148296402,2.107502615470115,2.11530286794008,6.648055857648435,8.94849058477754,0.7756957954393298,4.187614982494027,1.3477598606523304,1.2301808493022222,3.0508297938563733,1.9150183045906994,5.3944483012713516,2.673653038561261,1.7585187623327327,5.174188406671508,,3.2229251728533135,1.336418855640841,2.249162958620472,1.8981058858429396,2.301378702707339,0.18970004266937812,5.565644807300082,2.846728777134066,2.677140360110242
Jun-2018,1.0301662503619677,2.6182975621033266,2.3436143175600708,1.5577855324232108,2.8855474857737557,2.1263054821152663,6.846551754466954,1.8140750119136457,4.767438217275506,2.6233377085803427,2.1459393939469997,2.074063092070098,2.01716344972568,6.621269028314389,8.882532635419087,0.41518498628488976,4.1714366245555,1.2895600096675597,1.1492443215998933,3.0310468945343008,1.9228891721032029,5.318398463351001,2.6305167704542085,1.6302955763747822,5.309017952095465,,3.1713942434062066,1.3213372724941084,2.3261398485481326,2.077570836799788,2.252915825878717,0.3556967372402736,5.21358068332284,2.935229958250276,2.717052734026657
Jul-2018,1.0755658713497778,2.664388050582582,2.356697684491357,1.593926529096937,2.8627340370300427,2.2437679321154365,6.831067286951585,1.6808202269682204,4.857625481530873,2.569118782323683,1.98494397306436,2.0406235686700804,1.91902403151128,6.5944821989803435,8.816574686060635,0.05467417713044975,4.155258266616971,1.231360158682789,1.0683077938975647,3.0112639952122287,1.9307600396157065,5.242348625430651,2.587380502347156,1.5020723904168318,5.44384749751942,,3.1198633139591,1.3062556893473758,2.403116738475793,2.2570357877566365,2.2044529490500953,0.5216934318111691,4.861516559345598,3.0237311393664865,2.756965107943072
Aug-2018,1.1209654923375876,2.7104785390618367,2.3697810514226436,1.6300675257706634,2.83992058828633,2.3612303821156067,6.815582819436217,1.5475654420227953,4.94781274578624,2.5148998560670233,1.82394855218172,2.0071840452700633,1.82088461329688,6.567695369646297,8.750616736702183,-0.30583663202399025,4.139079908678443,1.173160307698018,0.9873712661952361,2.9914810958901565,1.93863090712821,5.1662987875103,2.5442442342401033,1.3738492044588813,5.578677042943377,,3.068332384511993,1.2911741062006434,2.4800936284034534,2.4365007387134847,2.1559900722214733,0.6876901263820644,4.509452435368357,3.1122323204826965,2.796877481859487
Sep-2018,1.1663651133253976,2.7565690275410915,2.38286441835393,1.6662085224443897,2.817107139542617,2.478692832115777,6.800098351920848,1.41431065707737,5.038000010041607,2.460680929810364,1.6629531312990802,1.973744521870046,1.7227451950824801,6.540908540312251,8.68465878734373,-0.6663474411784303,4.122901550739916,1.1149604567132472,0.9064347384929073,2.9716981965680844,1.9465017746407134,5.09024894958995,2.5011079661330506,1.245626018500931,5.713506588367332,,3.0168014550648867,1.2760925230539109,2.5570705183311135,2.615965689670333,2.1075271953928514,0.8536868209529599,4.157388311391115,3.200733501598907,2.8367898557759017
Oct-2018,1.2117647343132076,2.8026595160203467,2.395947785285216,1.702349519118116,2.794293690798904,2.596155282115947,6.78461388440548,1.2810558721319447,5.128187274296974,2.4064620035537043,1.50195771041644,1.9403049984700287,1.62460577686808,6.514121710978205,8.618700837985278,-1.0268582503328703,4.106723192801388,1.0567606057284764,0.8254982107905786,2.9519152972460123,1.954372642153217,5.014199111669599,2.457971698025998,1.1174028325429803,5.848336133791289,,2.96527052561778,1.2610109399071783,2.634047408258774,2.795430640627181,2.0590643185642294,1.0196835155238553,3.805324187413874,3.289234682715117,2.8767022296923166
Nov-2018,1.2571643553010177,2.8487500044996015,2.409031152216502,1.7384905157918422,2.7714802420551914,2.7136177321161172,6.76912941689011,1.1478010871865194,5.218374538552341,2.352243077297045,1.3409622895338,1.9068654750700116,1.52646635865368,6.487334881644158,8.552742888626826,-1.3873690594873098,4.09054483486286,0.9985607547437055,0.74456168308825,2.93213239792394,1.9622435096657205,4.938149273749248,2.414835429918946,0.98917964658503,5.983165679215245,,2.9137395961706734,1.2459293567604457,2.7110242981864348,2.97489559158403,2.0106014417356075,1.185680210094751,3.453260063436632,3.3777358638313273,2.9166146036087315
Dec-2018,1.3025639762888277,2.8948404929788563,2.4221145191477884,1.7746315124655685,2.7486667933114783,2.8310801821162874,6.753644949374742,1.0145463022410943,5.308561802807708,2.298024151040385,1.1799668686511602,1.8734259516699943,1.42832694043928,6.460548052310112,8.486784939268373,-1.7478798686417507,4.074366476924332,0.9403609037589347,0.6636251553859214,2.912349498601868,1.9701143771782241,4.862099435828898,2.371699161811893,0.8609564606270794,6.117995224639201,,2.862208666723567,1.2308477736137133,2.788001188114095,3.154360542540878,1.9621385649069856,1.3516769046656463,3.101195939459391,3.4662370449475373,2.9565269775251464
Jan-2019,1.3018217787709083,2.863701114569901,2.3680408798836283,1.7505556476324953,2.6938733425527706,2.7593597081714147,6.702757769035796,0.9867760783435316,5.34410770428159,2.266792760865166,1.1447198315853078,1.8637664086811059,1.4177814335564494,6.301944615313834,8.283673838634344,-1.9105123011680036,4.0753698934125016,0.8997749042824132,0.5818874808502642,2.868378720026572,1.8412928088222067,4.817798767228049,2.337072348958973,0.8462463823864378,5.9367575709033344,,2.839527933586435,1.2350544418125353,2.7714118989933088,3.0756095431777863,1.952150670882423,1.3830307337434793,2.8840826159793846,3.471370665127458,2.9371246293651256
Feb-2019,1.2856989750844126,2.8068184471982094,2.2915815718876527,1.706407495630489,2.628419891122398,2.624578259578194,6.640069684422324,0.9941673747952565,5.361439818161642,2.2432238827170936,1.1513889224583846,1.8620335258292604,1.4364338971174753,6.099402309096812,8.034845020908458,-2.007185274818195,4.082100568042904,0.865060188641975,0.49988275737016447,2.816345315033534,1.6669070951766825,4.784081155067033,2.3052820211907634,0.8693740067182322,5.650164184114194,,2.826463932552629,1.2456905271265424,2.7236338835230405,2.910786560374714,1.9549877711258803,1.3695036076569587,2.711952892665124,3.4487150983286146,2.8979507071796258
Mar-2019,1.269576171397917,2.749935779826518,2.215122263891677,1.6622593436284827,2.5629664396920253,2.489796810984974,6.577381599808851,1.0015586712469815,5.378771932041695,2.2196550045690215,1.1580580133314615,1.860300642977415,1.4550863606785012,5.89686000287979,7.78601620318257,-2.1038582484683865,4.088831242673306,0.8303454730015367,0.4178780338900647,2.7643119100404965,1.4925213815311582,4.750363542906017,2.273491693422554,0.8925016310500264,5.363570797325053,,2.813399931518823,1.2563266124405494,2.675855868052772,2.745963577571642,1.9578248713693376,1.3559764815704378,2.539823169350864,3.4260595315297713,2.8587767849941264
Apr-2019,1.2534533677114212,2.693053112454826,2.1386629558957013,1.6181111916264765,2.497512988261653,2.355015362391754,6.514693515195379,1.0089499676987064,5.3961040459217475,2.1960861264209495,1.1647271042045384,1.8585677601255695,1.473738824239527,5.694317696662768,7.537187385456683,-2.2005312221185775,4.0955619173037086,0.7956307573610985,0.33587331040996493,2.712278505047459,1.3181356678856337,4.716645930745002,2.2417013656543445,0.9156292553818208,5.076977410535913,,2.8003359304850166,1.2669626977545565,2.6280778525825044,2.58114059476857,1.9606619716127949,1.342449355483917,2.3676934460366037,3.4034039647309284,2.8196028628086265
May-2019,1.2373305640249255,2.6361704450831343,2.0622036478997257,1.5739630396244702,2.4320595368312805,2.220233913798533,6.452005430581908,1.016341264150431,5.413436159801799,2.1725172482728774,1.171396195077615,1.856834877273724,1.492391287800553,5.491775390445746,7.288358567730796,-2.297204195768769,4.102292591934111,0.7609160417206602,0.25386858692986514,2.6602451000544214,1.1437499542401095,4.682928318583985,2.209911037886135,0.9387568797136152,4.790384023746773,,2.7872719294512103,1.2775987830685636,2.580299837112236,2.4163176119654977,1.963499071856252,1.3289222293973963,2.1955637227223432,3.380748397932085,2.780428940623127
Jun-2019,1.22120776033843,2.5792877777114422,1.98574433990375,1.529814887622464,2.3666060854009077,2.0854524652053126,6.389317345968435,1.023732560602156,5.430768273681852,2.1489483701248053,1.178065285950692,1.8551019944218785,1.5110437513615789,5.289233084228724,7.039529750004909,-2.3938771694189604,4.109023266564513,0.7262013260802219,0.1718638634497654,2.6082116950613834,0.9693642405945853,4.64921070642297,2.1781207101179256,0.9618845040454096,4.503790636957633,,2.774207928417404,1.2882348683825706,2.532521821641968,2.2514946291624254,1.9663361720997092,1.3153951033108755,2.0234339994080828,3.358092831133242,2.741255018437627
Jul-2019,1.2050849566519342,2.5224051103397507,1.9092850319077743,1.4856667356204576,2.3011526339705353,1.9506710166120924,6.326629261354963,1.0311238570538808,5.4481003875619045,2.125379491976733,1.1847343768237688,1.8533691115700328,1.5296962149226048,5.086690778011702,6.790700932279022,-2.490550143069152,4.1157539411949156,0.6914866104397837,0.08985913996966566,2.556178290068346,0.794978526949061,4.6154930942619545,2.146330382349716,0.9850121283772039,4.217197250168493,,2.7611439273835976,1.2988709536965777,2.4847438061716995,2.0866716463593535,1.9691732723431665,1.3018679772243547,1.8513042760938223,3.335437264334399,2.702081096252128
Aug-2019,1.1889621529654384,2.4655224429680587,1.8328257239117987,1.4415185836184514,2.235699182540163,1.815889568018872,6.263941176741491,1.0385151535056056,5.465432501441957,2.1018106138286607,1.1914034676968457,1.8516362287181873,1.5483486784836304,4.8841484717946795,6.541872114553135,-2.5872231167193434,4.122484615825318,0.6567718947993454,0.007854416489565863,2.5041448850753083,0.6205928133035366,4.581775482100938,2.114540054581507,1.0081397527089981,3.930603863379352,,2.7480799263497913,1.3095070390105847,2.4369657907014313,1.921848663556281,1.9720103725866238,1.288340851137834,1.6791745527795618,3.3127816975355557,2.662907174066628
Sep-2019,1.1728393492789428,2.408639775596367,1.756366415915823,1.397370431616445,2.17024573110979,1.6811081194256516,6.2012530921280185,1.0459064499573305,5.48276461532201,2.0782417356805887,1.1980725585699226,1.8499033458663419,1.5670011420446563,4.681606165577658,6.293043296827248,-2.683896090369535,4.12921529045572,0.6220571791589071,-0.07415030699053393,2.4521114800822708,0.4462070996580123,4.548057869939923,2.0827497268132977,1.0312673770407925,3.6440104765902115,,2.735015925315985,1.3201431243245918,2.389187775231163,1.757025680753209,1.974847472830081,1.2748137250513132,1.5070448294653016,3.290126130736713,2.6237332518811285
Oct-2019,1.156716545592447,2.351757108224675,1.6799071079198473,1.3532222796144389,2.1047922796794176,1.5463266708324312,6.138565007514546,1.0532977464090554,5.500096729202062,2.0546728575325166,1.2047416494429994,1.8481704630144964,1.5856536056056822,4.479063859360636,6.0442144791013614,-2.7805690640197263,4.1359459650861226,0.5873424635184687,-0.15615503047063373,2.400078075089233,0.27182138601248806,4.514340257778907,2.0509593990450883,1.054395001372587,3.3574170898010713,,2.721951924282179,1.3307792096385989,2.3414097597608947,1.592202697950137,1.9776845730735384,1.2612865989647923,1.3349151061510411,3.2674705639378696,2.5845593296956286
Nov-2019,1.1405937419059513,2.2948744408529835,1.6034477999238714,1.3090741276124325,2.039338828249045,1.4115452222392109,6.075876922901075,1.0606890428607803,5.517428843082115,2.031103979384444,1.2114107403160763,1.846437580162651,1.6043060691667081,4.276521553143613,5.795385661375474,-2.8772420376699177,4.142676639716525,0.5526277478780306,-0.2381597539507334,2.348044670096195,0.09743567236696382,4.480622645617892,2.019169071276879,1.0775226257043813,3.0708237030119307,,2.7088879232483727,1.341415294952606,2.2936317442906264,1.4273797151470646,1.9805216733169955,1.2477594728782715,1.1627853828367807,3.2448149971390263,2.545385407510129
Dec-2019,1.1244709382194558,2.2379917734812915,1.5269884919278958,1.264925975610426,1.9738853768186724,1.2767637736459905,6.013188838287602,1.0680803393125051,5.534760956962168,2.007535101236372,1.2180798311891532,1.8447046973108054,1.622958532727734,4.0739792469265925,5.5465568436495865,-2.9739150113201087,4.149407314346927,0.5179130322375922,-0.3201644774308332,2.2960112651031577,-0.07695004127856042,4.446905033456876,1.9873787435086694,1.1006502500361757,2.7842303162227906,,2.6958239222145663,1.352051380266613,2.245853728820358,1.2625567323439926,1.9833587735604528,1.2342323467917509,0.9906556595225204,3.2221594303401835,2.50621148532463
Jan-2020,1.10834813453296,2.1811091061096,1.45052918393192,1.22077782360842,1.9084319253883,1.14198232505277,5.95050075367413,1.07547163576423,5.55209307084222,1.9839662230883,1.22474892206223,1.84297181445896,1.64161099628876,3.87143694070957,5.2977280259237,-3.0705879849703,4.15613798897733,0.483198316597154,-0.402169200910933,2.24397786011012,-0.251335754924085,4.41318742129586,1.95558841574046,1.12377787436797,2.49763692943365,,2.68275992118076,1.36268746558062,2.19807571335009,1.09773374954092,1.98619587380391,1.22070522070523,0.81852593620826,3.19950386354134,2.46703756313913
Feb-2020,0.6326304429591467,1.9837918146931481,0.8165275666332965,0.8680298534059085,1.3635954260414913,0.8844356951270202,5.659374291138621,0.6909821963950411,5.39507909184134,0.9524945303207235,0.9439870335244536,1.107016443717546,0.7003159519696494,3.1146399487422043,5.401215605718678,-2.568558459932164,3.6844966346957806,-0.25855779612473956,-0.6958907458965007,2.0123391762271554,-0.9080588902870085,3.6390671071340663,1.4974180366081815,0.9353896658275332,2.2018154099967293,,1.8213264731526533,0.3680871854163832,1.8175478533988882,0.7307322897277788,1.6602030069284097,1.1106632059811914,0.9001976031735275,2.654224807581275,2.0999389830571253
Mar-2020,0.15691275138533334,1.7864745232766965,0.18252594933467292,0.5152818832033972,0.8187589266946826,0.6268890652012705,5.368247828603112,0.3064927570258521,5.23806511284046,-0.07897716244685293,0.6632251449866771,0.3710610729761319,-0.24097909234946124,2.3578429567748387,5.504703185513658,-2.066528934894027,3.2128552804142316,-1.000313908846633,-0.9896122908820683,1.7807004923441905,-1.564782025649932,2.8649467929722725,1.039247657475903,0.7470014572870964,1.9059938905598086,,0.9598930251245466,-0.6265130947478537,1.4370199934476866,0.3637308299146377,1.3342101400529094,1.0006211912571528,0.9818692701387949,2.10894575162121,1.7328404029751205
Apr-2020,-0.31880494018848005,1.5891572318602447,-0.45147566796395067,0.16253391300088582,0.273922427347874,0.3693424352755208,5.077121366067603,-0.0779966823433369,5.08105113383958,-1.1104488552144294,0.38246325644890056,-0.36489429776528204,-1.182274136668572,1.6010459648074735,5.6081907653086365,-1.5644994098558906,2.7412139261326827,-1.7420700215685265,-1.2833338358676358,1.5490618084612258,-2.2215051610128556,2.0908264788104787,0.5810772783436244,0.5586132487466595,1.6101723711228877,,0.09845957709644004,-1.6211133749120905,1.0564921334964852,-0.003270629898503463,1.0082172731774088,0.8905791765331142,1.0635409371040623,1.563666695661145,1.3657418228931157
May-2020,-0.7945226317622933,1.3918399404437931,-1.0854772852625743,-0.19021405720162554,-0.2709140719989347,0.11179580534977096,4.785994903532094,-0.4624861217125258,4.9240371548387,-2.141920547982006,0.10170136791112405,-1.1008496685066962,-2.1235691809876824,0.8442489728401079,5.711678345103615,-1.0624698848177543,2.2695725718511337,-2.48382613429042,-1.5770553808532035,1.3174231245782608,-2.878228296375779,1.3167061646486848,0.12290689921134601,0.3702250402062227,1.314350851685967,,-0.7629738709316669,-2.6157136550763274,0.6759642735452835,-0.3702720897116447,0.6822244063019085,0.7805371618090757,1.1452126040693298,1.0183876397010798,0.9986432428111112
Jun-2020,-1.2702403233361068,1.1945226490273413,-1.7194789025611976,-0.5429620274041369,-0.8157505713457431,-0.14575082457597888,4.494868440996585,-0.8469755610817147,4.76702317583782,-3.1733922407495823,-0.17906052062665245,-1.8368050392481103,-3.064864225306793,0.08745198087274231,5.815165924898594,-0.5604403597796179,1.7979312175695847,-3.225582247012314,-1.8707769258387712,1.0857844406952961,-3.5349514317387025,0.542585850486891,-0.33526347992093264,0.1818368316657859,1.0185293322490463,,-1.6244073189597739,-3.610313935240564,0.2954364135940819,-0.737273549524786,0.3562315394264082,0.6704951470850371,1.2268842710345973,0.47310858374101494,0.6315446627291066
Jul-2020,-1.74595801490992,0.9972053576108895,-2.353480519859821,-0.8957099976066483,-1.360587070692552,-0.4032974545017285,4.203741978461077,-1.2314650004509038,4.61000919683694,-4.204863933517158,-0.45982240916442896,-2.572760409989524,-4.006159269625904,-0.6693450110946229,5.918653504693573,-0.05841083474148112,1.3262898632880358,-3.967338359734207,-2.1644984708243387,0.8541457568123314,-4.191674567101626,-0.23153446367490282,-0.7934338590532111,-0.006551376874651016,0.7227078128121254,,-2.48584076698788,-4.604914215404801,-0.08509144635711952,-1.104275009337927,0.03023867255090762,0.5604531323609985,1.3085559379998646,-0.07217047221905037,0.26444608264710157
Aug-2020,-2.221675706483733,0.7998880661944379,-2.9874821371584455,-1.2484579678091599,-1.905423570039361,-0.6608440844274783,3.912615515925567,-1.6159544398200927,4.45299521783606,-5.236335626284735,-0.7405842977022055,-3.308715780730938,-4.9474543139450144,-1.4261420030619885,6.022141084488552,0.44361869029665524,0.8546485090064868,-4.709094472456101,-2.4582200158099066,0.6225070729293665,-4.848397702464549,-1.005654777836697,-1.2516042381854895,-0.1949395854150877,0.4268862933752047,,-3.347274215015987,-5.5995144955690375,-0.46561930630832116,-1.4712764691510685,-0.2957541943245925,0.45041111763695996,1.390227604965132,-0.6174495281791157,-0.10265249743490301
Sep-2020,-2.697393398057547,0.602570774777986,-3.621483754457069,-1.601205938011671,-2.4502600693861694,-0.9183907143532282,3.621489053390058,-2.0004438791892816,4.29598123883518,-6.267807319052311,-1.021346186239982,-4.044671151472352,-5.888749358264125,-2.182938995029354,6.12562866428353,0.9456482153347916,0.38300715472493785,-5.450850585177995,-2.751941560795474,0.39086838904640175,-5.505120837827473,-1.7797750919984905,-1.709774617317768,-0.38332779395552463,0.13106477393828397,,-4.208707663044094,-6.594114775733274,-0.8461471662595228,-1.8382779289642095,-0.621747061200093,0.34036910291292133,1.4718992719303996,-1.1627285841391806,-0.4697510775169076
Oct-2020,-3.1731110896313597,0.4052534833615342,-4.255485371755692,-1.9539539082141821,-2.995096568732978,-1.175937344278978,3.3303625908545493,-2.3849333185584705,4.1389672598343,-7.299279011819888,-1.3021080747777587,-4.780626522213766,-6.830044402583235,-2.9397359869967197,6.22911624407851,1.4476777403729284,-0.08863419955661112,-6.192606697899889,-3.0456631057810415,0.15922970516343682,-6.161843973190397,-2.553895406160284,-2.167944996450047,-0.5717160024959616,-0.16475674549863673,,-5.070141111072201,-7.588715055897511,-1.2266750262107244,-2.2052793887773507,-0.9477399280755936,0.2303270881888827,1.553570938895667,-1.7080076400992454,-0.8368496575989122
Nov-2020,-3.6488287812051734,0.20793619194508262,-4.889486989054316,-2.3067018784166935,-3.5399330680797862,-1.4334839742047278,3.03923612831904,-2.7694227579276594,3.98195328083342,-8.330750704587464,-1.582869963315535,-5.51658189295518,-7.771339446902346,-3.6965329789640853,6.332603823873488,1.9497072654110643,-0.5602755538381601,-6.934362810621782,-3.3393846507666094,-0.0724089787195279,-6.81856710855332,-3.328015720322078,-2.626115375582325,-0.7601042110363982,-0.4605782649355574,,-5.931574559100308,-8.583315336061748,-1.607202886161926,-2.572280848590492,-1.2737327949510937,0.12028507346484418,1.6352426058609346,-2.2532866960593103,-1.2039482376809167
Dec-2020,-4.124546472778986,0.010618900528630792,-5.52348860635294,-2.6594498486192055,-4.084769567426596,-1.6910306041304777,2.748109665783531,-3.1539121972968482,3.82493930183254,-9.36222239735504,-1.8636318518533113,-6.252537263696595,-8.712634491221456,-4.453329970931451,6.436091403668467,2.451736790449201,-1.031916908119709,-7.676118923343676,-3.633106195752177,-0.3040476626024926,-7.475290243916243,-4.102136034483872,-3.0842857547146036,-0.9484924195768349,-0.7563997843724781,,-6.793008007128415,-9.577915616225985,-1.9877307461131273,-2.9392823084036337,-1.5997256618265943,0.010243058740805555,1.716914272826202,-2.798565752019376,-1.5710468177629218
Jan-2021,-4.6002641643528,-0.18669839088782103,-6.157490223651563,-3.0121978188217167,-4.629606066773404,-1.948577234056227,2.456983203248022,-3.5384016366660376,3.6679253228316595,-10.393694090122617,-2.144393740391088,-6.988492634438008,-9.653929535540568,-5.210126962898816,6.539578983463446,2.953766315487338,-1.503558262401258,-8.417875036065569,-3.9268277407377443,-0.5356863464854573,-8.132013379279167,-4.876256348645666,-3.542456133846882,-1.136880628117272,-1.0522213038093993,,-7.65444145515652,-10.572515896390222,-2.368258606064329,-3.3062837682167743,-1.9257185287020948,-0.09979895598323307,1.7985859397914694,-3.343844807979441,-1.9381453978449268
Feb-2021,-4.774467967746251,-0.2867154330050292,-6.419837354877332,-3.1191242244038024,-4.835778728884639,-1.9940190643845541,2.3603997496900444,-3.6896983503470735,3.545076234138669,-10.822778811177836,-2.2531387889321697,-7.26642644124812,-9.986669349501359,-5.47444397748637,6.784018690400808,3.3575333469582085,-1.6520092854343353,-8.635281688679369,-4.01562009284686,-0.6110986892316541,-8.342913298085977,-5.285189964804552,-3.6884772314810457,-1.1764686754752123,-1.1213820864868134,,-8.025262545888953,-10.959045549995098,-2.491537934815746,-3.411796721646112,-2.0071300842324664,-0.15327029925087823,2.047673906772806,-3.6116584198973216,-2.0563384415071413
Mar-2021,-4.044130106598615,-0.09483172722450608,-5.56722102788454,-2.4885859361246117,-4.025959879289157,-1.4031464959206115,2.8474453230646626,-3.1414168869636474,3.524721816369344,-9.444702617095976,-1.845833317483169,-6.170295556264319,-8.493743472387191,-4.261321059934492,7.45131477876532,3.466512897727283,-0.8308893147219973,-7.279639960968883,-3.4896248663266176,-0.21783200856754648,-7.2163435672244445,-4.598563486954717,-2.8980504846208692,-0.7696562392856617,-0.5105606588857067,,-6.924246564734366,-9.521363323921888,-1.8430716699678102,-2.73284415592404,-1.354797705727454,-0.037029628149343186,2.7990107738023493,-3.047075699688648,-1.4278148759099858
Apr-2021,-3.3137922454509803,0.09705197855601705,-4.714604700891748,-1.858047647845421,-3.216141029693675,-0.8122739274566688,3.3344908964392808,-2.5931354235802218,3.5043673986000194,-8.066626423014116,-1.4385278460341682,-5.07416467128052,-7.000817595273024,-3.048198142382613,8.118610867129831,3.5754924484963575,-0.009769344009659342,-5.923998233258397,-2.963629639806375,0.17543467209656105,-6.089773836362912,-3.911937009104883,-2.107623737760693,-0.3628438030961111,0.1002607687153998,,-5.823230583579779,-8.083681097848677,-1.1946054051198747,-2.0538915902019674,-0.7024653272224415,0.07921104295219189,3.550347640831893,-2.482492979479974,-0.7992913103128305
May-2021,-2.5834543843033453,0.28893568433654016,-3.8619883738989556,-1.2275093595662305,-2.4063221800981927,-0.22140135899272617,3.821536469813899,-2.0448539601967957,3.4840129808306948,-6.6885502289322565,-1.0312223745851672,-3.9780337862967197,-5.507891718158858,-1.8350752248307343,8.785906955494342,3.684471999265432,0.8113506267026787,-4.568356505547912,-2.4376344132861325,0.5687013527606687,-4.963204105501379,-3.2253105312550483,-1.3171969909005163,0.04396863309343946,0.7110821963165064,,-4.722214602425191,-6.6459988717754666,-0.5461391402719391,-1.3749390244798954,-0.05013294871742913,0.1954517140537269,4.301684507861436,-1.9179102592713002,-0.17076774471567502
Jun-2021,-1.8531165231557098,0.4808193901170633,-3.0093720469061633,-0.5969710712870397,-1.5965033305027103,0.3694712094712167,4.308582043188517,-1.49657249681337,3.46365856306137,-5.3104740348503965,-0.6239169031361664,-2.8819029013129196,-4.01496584104469,-0.621952307278856,9.453203043858853,3.7934515500345065,1.6324705974150167,-3.2127147778374265,-1.9116391867658904,0.9619680334247763,-3.8366343746398472,-2.538684053405214,-0.5267702440403399,0.4507810692829901,1.321903623917613,,-3.6211986212706027,-5.208316645702256,0.10232712457599691,-0.6959864587578233,0.6021994297875835,0.311692385155262,5.05302137489098,-1.3533275390626267,0.45775582088148026
Jul-2021,-1.1227786620080749,0.6727030958975865,-2.156755719913371,0.03356721699215104,-0.786684480907228,0.9603437779351593,4.795627616563134,-0.9482910334299439,3.4433041452920454,-3.9323978407685374,-0.21661143168716546,-1.78577201632912,-2.5220399639305233,0.5911706102730223,10.120499132223365,3.9024311008035815,2.453590568127354,-1.8570730501269406,-1.3856439602456483,1.3552347140888839,-2.710064643778315,-1.8520575755553796,0.26365650281983655,0.8575935054725405,1.9327250515187195,,-2.5201826401160154,-3.7706344196290456,0.7507933894239325,-0.017033893035751202,1.254531808292596,0.427933056256797,5.804358241920523,-0.788744818853953,1.0862793864786355
Aug-2021,-0.39244080086043986,0.8645868016781096,-1.304139392920579,0.6641055052713418,0.023134368688254803,1.551216346399102,5.282673189937753,-0.40000957004651827,3.4229497275227208,-2.5543216466866774,0.1906940397618353,-0.6896411313453195,-1.0291140868163566,1.8042935278249015,10.787795220587878,4.011410651572656,3.2747105388396927,-0.5014313224164546,-0.8596487337254057,1.7485013947529917,-1.583494912916783,-1.1654310977055449,1.054083249680013,1.2644059416620912,2.543546479119826,,-1.4191666589614274,-2.332952193555835,1.3992596542718685,0.6619186726863209,1.9068641867976086,0.544173727358332,6.555695108950067,-0.22416209864527925,1.7148029520757908
Sep-2021,0.33789706028719557,1.056470507458633,-0.4515230659277867,1.2946437935505326,0.8329532182837367,2.1420889148630446,5.769718763312371,0.14827189333690782,3.402595309753396,-1.1762454526048174,0.597999511210836,0.40648975363848017,0.46381179029781094,3.0174164453767798,11.455091308952388,4.1203902023417305,4.09583050955203,0.8542104052940296,-0.3336535072051636,2.141768075417099,-0.4569251820552509,-0.478804619855711,1.8445099965401894,1.6712183778516418,3.154367906720933,,-0.31815067780684014,-0.8952699674826246,2.047725919119804,1.3408712384083934,2.559196565302621,0.6604143984598672,7.30703197597961,0.3404206215633945,2.343326517672946
Oct-2021,1.068234921434831,1.2483542132391556,0.40109326106500554,1.925182081829723,1.6427720678792195,2.7329614833269873,6.256764336686988,0.6965533567203335,3.3822408919840714,0.20183074147704083,1.0053049826598373,1.5026206386222807,1.9567376674119785,4.230539362928658,12.1223873973169,4.229369753110805,4.916950480264369,2.2098521330045156,0.19234171931507849,2.5350347560812065,0.6696445488062821,0.20782185799412378,2.634936743400366,2.0780308140411927,3.7651893343220393,,0.782865303347748,0.5424122585905842,2.6961921839677396,2.019823804130465,3.2115289438076338,0.7766550695614022,8.058368843009154,0.9050033417720682,2.9718500832701014
Nov-2021,1.7985727825824664,1.4402379190196788,1.2537095880577978,2.5557203701089133,2.4525909174747014,3.32383405179093,6.743809910061607,1.2448348201037596,3.3618864742147467,1.5799069355589008,1.412610454108838,2.598751523606081,3.449663544526146,5.443662280480536,12.789683485681412,4.3383493038798795,5.738070450976706,3.5654938607150015,0.718336945835321,2.9283014367453144,1.796214279667815,0.8944483358439586,3.4253634902605423,2.4848432502307434,4.376010761923146,,1.8838812845023352,1.9800944846637947,3.344658448815675,2.6987763698525375,3.8638613223126463,0.8928957406629372,8.809705710038697,1.469586061980742,3.6003736488672566
Dec-2021,2.528910643730101,1.632121624800202,2.106325915050591,3.1862586583881045,3.262409767070184,3.9147066202548726,7.230855483436224,1.7931162834871857,3.3415320564454216,2.957983129640761,1.8199159255578392,3.69488240858988,4.942589421640312,6.656785198032415,13.456979574045922,4.447328854648954,6.559190421689044,4.9211355884254875,1.2443321723555636,3.3215681174094223,2.9227840105293463,1.5810748136937924,4.215790237120719,2.891655686420293,4.986832189524252,,2.9848972656569224,3.417776710737005,3.9931247136636108,3.37772893557461,4.516193700817659,1.0091364117644723,9.56104257706824,2.0341687821894157,4.228897214464412
Jan-2022,3.2592485048777364,1.8240053305807256,2.958942242043382,3.816796946667295,4.072228616665666,4.505579188718816,7.7179010568108435,2.341397746870611,3.3211776386760974,4.336059323722621,2.22722139700684,4.79101329357368,6.4355152987544795,7.869908115584293,14.124275662410433,4.5563084054180285,7.380310392401382,6.276777316135972,1.7703273988758061,3.7148347980735292,4.049353741390879,2.267701291543627,5.006216983980894,3.298468122609844,5.59765361712536,,4.085913246811511,4.8554589368102175,4.641590978511546,4.056681501296682,5.168526079322671,1.1253770828660072,10.312379444097784,2.5987515023980894,4.857420780061567
Feb-2022,3.989586366025372,2.0158890363612483,3.8115585690361753,4.447335234946486,4.882047466261148,5.0964517571827574,8.20494663018546,2.889679210254037,3.3008232209067723,5.714135517804481,2.6345268684558407,5.887144178557481,7.928441175868647,9.083031033136173,14.791571750774946,4.665287956187103,8.20143036311372,7.632419043846458,2.296322625396048,4.108101478737637,5.175923472252411,2.954327769393462,5.796643730841072,3.7052805587993944,6.208475044726466,,5.186929227966099,6.293141162883424,5.290057243359482,4.735634067018754,5.8208584578276845,1.2416177539675424,11.063716311127328,3.163334222606763,5.485944345658723
Mar-2022,4.49184011331247,2.1964236541239477,4.260163339169904,4.694137319276044,5.229423928238305,5.28116020364712,8.234375874490887,3.1105802958789956,3.4199479569965243,6.3783686760742375,2.7792497100996703,6.279113485973212,8.505112926972398,9.583610014808126,14.901996356340586,4.682791600981735,8.54222157542091,8.14065785024346,2.4963954033277473,4.238379421924693,5.669004089108874,3.5075509383342425,6.118800681275114,3.8732729880262804,6.445401592735647,,5.7801852051079905,6.897110824843599,5.312956967898715,5.169654426015538,6.010404054633568,,11.20778021606648,2.1827151444179433,5.648648864393566
Apr-2022,4.766009746739034,2.365609183868823,4.304756552444572,4.557203199655971,5.114358002597134,5.059704528111902,7.80618878972712,3.0041010037454865,3.6785518469453526,6.328758798531894,2.661389921938331,5.966921215820873,8.165530552065732,9.371645060600157,14.45554947910736,4.608819339801925,8.402684029322954,7.801493735326981,2.3705457326709016,4.1056686276346985,5.528595591960263,3.9273707983659683,5.97268783528302,3.8024454102905008,6.3084332611529,,5.865681178237191,6.667367922690738,4.710290152129243,5.358742578287035,5.737162869740325,,10.744571158915239,-0.34310573216837037,5.345534336266099
May-2022,5.040179380165595,2.534794713613698,4.34934976571924,4.420269080035898,4.999292076955964,4.838248852576683,7.378001704963353,2.8976217116119773,3.937155736894181,6.279148920989549,2.543530133776991,5.654728945668535,7.8259481771590655,9.159680106392189,14.009102601874131,4.534847078622114,8.263146483224997,7.462329620410502,2.2446960620140564,3.972957833344704,5.388187094811652,4.347190658397694,5.826574989290927,3.731617832554721,6.171464929570154,,5.95117715136639,6.437625020537877,4.107623336359771,5.54783073055853,5.46392168484708,,10.281362101764,-2.8689266087546845,5.042419808138631
Jun-2022,5.3143490135921585,2.703980243358574,4.393942978993909,4.283334960415825,4.884226151314794,4.6167931770414645,6.949814620199586,2.7911424194784686,4.195759626843008,6.229539043447205,2.4256703456156514,5.342536675516197,7.4863658022524,8.94771515218422,13.562655724640903,4.4608748174423045,8.123608937127038,7.123165505494023,2.118846391357211,3.8402470390547094,5.247778597663041,4.767010518429419,5.680462143298834,3.6607902548189415,6.034496597987407,,6.03667312449559,6.207882118385015,3.5049565205903,5.736918882830027,5.190680499953837,,9.81815304461276,-5.394747485340998,4.739305280011164
Jul-2022,5.58851864701872,2.873165773103449,4.438536192268577,4.146400840795752,4.769160225673624,4.395337501506245,6.521627535435819,2.6846631273449595,4.454363516791837,6.17992916590486,2.307810557454312,5.030344405363859,7.146783427345734,8.735750197976252,13.116208847407677,4.386902556262494,7.98407139102908,6.784001390577544,1.9929967207003656,3.707536244764715,5.10737010051443,5.186830378461146,5.53434929730674,3.589962677083162,5.89752826640466,,6.1221690976247904,5.9781392162321545,2.9022897048208285,5.926007035101524,4.917439315060593,,9.35494398746152,-7.920568361927311,4.4361907518836965
Aug-2022,5.862688280445283,3.0423513028483242,4.483129405543245,4.009466721175679,4.654094300032454,4.173881825971026,6.093440450672052,2.5781838352114503,4.712967406740665,6.130319288362516,2.189950769292972,4.718152135211521,6.807201052439067,8.523785243768282,12.669761970174449,4.312930295082684,7.844533844931123,6.444837275661064,1.86714705004352,3.5748254504747203,4.966961603365819,5.60665023849287,5.388236451314647,3.5191350993473822,5.760559934821913,,6.20766507075399,5.748396314079294,2.2996228890513573,6.11509518737302,4.644198130167348,,8.89173493031028,-10.446389238513625,4.133076223756229
Sep-2022,6.136857913871845,3.2115368325931994,4.527722618817913,3.872532601555606,4.539028374391283,3.952426150435808,5.665253365908285,2.471704543077941,4.971571296689493,6.080709410820172,2.0720909811316326,4.405959865059183,6.467618677532402,8.311820289560314,12.223315092941222,4.238958033902874,7.704996298833166,6.105673160744585,1.7412973793866748,3.442114656184726,4.826553106217209,6.026470098524596,5.242123605322553,3.4483075216116026,5.623591603239166,,6.29316104388319,5.518653411926432,1.6969560732818856,6.304183339644517,4.370956945274105,,8.428525873159039,-12.972210115099939,3.8299616956287617
Oct-2022,6.411027547298408,3.3807223623380747,4.572315832092581,3.735598481935533,4.423962448750114,3.7309704749005888,5.237066281144518,2.365225250944432,5.230175186638322,6.031099533277827,1.9542311929702931,4.093767594906845,6.128036302625736,8.099855335352345,11.776868215707994,4.164985772723064,7.565458752735208,5.766509045828106,1.6154477087298296,3.3094038618947312,4.686144609068598,6.4462899585563225,5.09601075933046,3.377479943875823,5.48662327165642,,6.37865701701239,5.2889105097735705,1.094289257512414,6.493271491916014,4.097715760380861,,7.9653168160078,-15.498030991686251,3.5268471675012942
Nov-2022,6.68519718072497,3.54990789208295,4.61690904536725,3.5986643623154597,4.3088965231089436,3.50951479936537,4.808879196380751,2.2587459588109233,5.48877907658715,5.9814896557354835,1.8363714048089534,3.7815753247545065,5.78845392771907,7.887890381144377,11.330421338474768,4.091013511543253,7.42592120663725,5.427344930911627,1.489598038072984,3.176693067604737,4.545736111919987,6.866109818588047,4.949897913338367,3.3066523661400433,5.349654940073673,,6.46415299014159,5.05916760762071,0.4916224417429431,6.68235964418751,3.8244745754876166,,7.5021077588565594,-18.02385186827257,3.2237326393738264
Dec-2022,6.959366814151533,3.719093421827825,4.661502258641918,3.461730242695387,4.193830597467773,3.288059123830151,4.380692111616983,2.152266666677414,5.747382966535978,5.931879778193139,1.7185116166476138,3.4693830546021687,5.448871552812404,7.675925426936408,10.88397446124154,4.017041250363443,7.286383660539292,5.088180815995147,1.3637483674161386,3.043982273314742,4.405327614771376,7.285929678619773,4.803785067346274,3.2358247884042637,5.212686608490927,,6.54964896327079,4.829424705467849,-0.11104437402652856,6.871447796459006,3.5512333905943727,,7.038898701705319,-20.54967274485888,2.920618111246359
Jan-2023,7.2335364475780946,3.8882789515727003,4.706095471916586,3.324796123075314,4.078764671826603,3.0666034482949325,3.952505026853216,2.045787374543905,6.005986856484807,5.882269900650795,1.600651828486274,3.1571907844498304,5.1092891779057386,7.46396047272844,10.437527584008311,3.943068989183633,7.146846114441335,4.749016701078668,1.237898696759293,2.911271479024748,4.264919117622765,7.705749538651499,4.65767222135418,3.164997210668484,5.07571827690818,,6.63514493639999,4.599681803314987,-0.7137111897960002,7.060535948730503,3.277992205701129,,6.575689644554079,-23.075493621445194,2.6175035831188915
Feb-2023,7.507706081004658,4.0574644813175755,4.750688685191254,3.187862003455241,3.9636987461854325,2.8451477727597134,3.524317942089449,1.939308082410396,6.264590746433635,5.83266002310845,1.4827920403249344,2.8449985142974925,4.769706802999072,7.251995518520471,9.991080706775083,3.8690967280038224,7.007308568343378,4.409852586162189,1.1120490261024478,2.7785606847347535,4.124510620474154,8.125569398683224,4.511559375362086,3.0941696329327044,4.9387499453254335,,6.72064090952919,4.369938901162126,-1.316378005565472,7.2496241010019995,3.004751020807885,,6.11248058740284,-25.60131449803151,2.314389054991424
Mar-2023,7.781875714431219,4.226650011062452,4.795281898465923,3.0509278838351683,3.8486328205442626,2.623692097224495,3.096130857325682,1.8328287902768872,6.523194636382463,5.783050145566106,1.364932252163595,2.532806244145154,4.430124428092406,7.040030564312502,9.544633829541857,3.7951244668240123,6.86777102224542,4.07068847124571,0.9861993554456023,2.645849890444759,3.9841021233255427,8.54538925871495,4.3654465293699936,3.023342055196925,4.801781613742687,,6.8061368826583895,4.140195999009265,-1.9190448213349427,7.438712253273495,2.731509835914641,,5.6492715302516,-28.127135374617822,2.0112745268639567
Apr-2023,7.588855715923566,4.195301788208757,4.474945184681777,3.0103288323270685,3.6578738752181095,2.459371630714522,3.119137963413387,1.6820240529503143,6.4214432447708845,5.578450422279004,1.1960059523010547,2.3517558454313736,4.095745835235948,7.022152960970809,8.689974576694594,3.845780329032139,6.548425068207539,3.805591252589748,1.0116968550087893,2.5387934301804203,3.9066315729532866,8.357987633247033,4.08110010120492,2.85907534110606,4.4868104249501775,,6.558907576222488,3.518551176702036,-1.7361990826139382,7.001225520639839,2.495001272968043,,5.473669103729738,-26.755144088248848,1.9712138009469606
May-2023,7.240105840104508,4.097108981155539,4.0329651618780264,3.001841470189627,3.441883923330295,2.3140962338796314,3.2925431331182495,1.5164441672260534,6.199573425972504,5.322187417076983,1.0100574818714476,2.2144194038637792,3.763101836396225,7.068971141251206,7.699244531975985,3.937978899036244,6.169142978189685,3.5651829993539588,1.0876434113119868,2.4402884145913,3.8501403381731483,7.968178845945903,3.7506758123155204,2.663662248230167,4.11250495042108,,6.200769843264885,2.766272381010018,-1.2915158257294426,6.354880493037797,2.2707369173369942,,5.393935554084335,-24.083882080894774,2.018837675766788
Jun-2023,6.8913559642854505,3.99891617410232,3.590985139074277,2.9933541080521855,3.2258939714424812,2.1688208370447404,3.4659483028231124,1.3508642815017926,5.977703607174124,5.065924411874962,0.8241090114418407,2.0770829622961844,3.430457837556503,7.1157893215316035,6.708514487257378,4.030177469040349,5.789860888171829,3.3247747461181696,1.1635899676151844,2.34178339900218,3.7936491033930104,7.578370058644772,3.4202515234261206,2.468249155354274,3.7381994758919834,,5.842632110307282,2.013993585318,-0.846832568844947,5.708535465435754,2.0464725617059454,,5.314202004438931,-21.412620073540705,2.0664615505866153
Jul-2023,6.542606088466393,3.9007233670491024,3.1490051162705264,2.984866745914744,3.009904019554667,2.0235454402098494,3.6393534725279753,1.1852843957775316,5.755833788375743,4.809661406672941,0.6381605410122336,1.9397465207285896,3.09781383871678,7.162607501812001,5.71778444253877,4.122376039044454,5.410578798153974,3.08436649288238,1.2395365239183818,2.24327838341306,3.7371578686128726,7.188561271343643,3.089827234536721,2.272836062478381,3.3638940013628864,,5.484494377349678,1.261714789625982,-0.4021493119604511,5.062190437833713,1.8222082060748965,,5.234468454793528,-18.741358066186635,2.1140854254064427
Aug-2023,6.193856212647335,3.8025305599958843,2.7070250934667763,2.9763793837773025,2.7939140676668526,1.8782700433749588,3.812758642232838,1.0197045100532707,5.533963969577363,4.553398401470919,0.4522120705826266,1.8024100791609947,2.7651698398770574,7.209425682092399,4.727054397820162,4.214574609048559,5.03129670813612,2.8439582396465903,1.3154830802215796,2.14477336782394,3.6806666338327343,6.798752484042512,2.759402945647321,2.0774229696024875,2.9895885268337894,,5.126356644392075,0.5094359939339639,0.0425339449240445,4.415845410231671,1.5979438504438477,,5.154734905148125,-16.07009605883256,2.1617093002262706
Sep-2023,5.845106336828277,3.704337752942666,2.2650450706630263,2.967892021639861,2.5779241157790387,1.7329946465400683,3.986163811937701,0.8541246243290099,5.312094150778982,4.297135396268898,0.26626360015301964,1.6650736375933999,2.432525841037335,7.256243862372797,3.736324353101554,4.306773179052664,4.652014618118265,2.603549986410801,1.391429636524777,2.04626835223482,3.6241753990525964,6.408943696741382,2.428978656757921,1.8820098767265947,2.6152830523046924,,4.768218911434472,-0.24284280175805417,0.48721720180854033,3.7695003826296287,1.3736794948127988,,5.075001355502722,-13.398834051478493,2.209333175046098
Oct-2023,5.496356461009219,3.606144945889448,1.8230650478592763,2.9594046595024195,2.361934163891225,1.5877192497051773,4.159568981642564,0.688544738604749,5.090224331980602,4.040872391066877,0.08031512972341259,1.5277371960258053,2.0998818421976124,7.3030620426531945,2.7455943083829464,4.398971749056769,4.272732528100409,2.363141733175012,1.4673761928279747,1.9477633366457001,3.567684164272458,6.019134909440251,2.098554367868521,1.6865967838507014,2.240977577775595,,4.410081178476869,-0.9951215974500718,0.9319004586930357,3.1231553550275866,1.14941513918175,,4.995267805857319,-10.727572044124422,2.2569570498659255
Nov-2023,5.147606585190161,3.50795213883623,1.3810850250555262,2.950917297364978,2.1459442120034105,1.4424438528702868,4.332974151347426,0.5229648528804882,4.868354513182222,3.7846093858648557,-0.10563334070619446,1.3904007544582104,1.76723784335789,7.349880222933592,1.754864263664338,4.491170319060874,3.8934504380825548,2.122733479939223,1.543322749131172,1.84925832105658,3.5111929294923203,5.629326122139121,1.7681300789791212,1.4911836909748084,1.866672103246498,,4.0519434455192656,-1.7474003931420903,1.3765837155775316,2.476810327425545,0.9251507835507011,,4.915534256211916,-8.056310036770352,2.304580924685753
Dec-2023,4.798856709371103,3.409759331783012,0.9391050022517757,2.942429935227536,1.9299542601155963,1.297168456035396,4.5063793210522896,0.35738496715622725,4.646484694383842,3.5283463806628346,-0.2915818111358015,1.2530643128906158,1.4345938445181674,7.396698403213989,0.7641342189457294,4.58336888906498,3.5141683480647,1.8823252267034332,1.6192693054343696,1.75075330546746,3.4547016947121825,5.239517334837991,1.4377057900897214,1.2957705980989154,1.492366628717401,,3.693805712561663,-2.499679188834108,1.821266972462027,1.8304652998235031,0.7008864279196523,,4.835800706566513,-5.385048029416282,2.3522047995055804
Jan-2024,4.450106833552045,3.311566524729794,0.49712497944802614,2.9339425730900945,1.7139643082277822,1.1518930592005052,4.679784490757152,0.19180508143196628,4.424614875585461,3.2720833754608134,-0.47753028156540855,1.115727871323021,1.101949845678445,7.443516583494387,-0.2265958257728773,4.675567459069085,3.134886258046845,1.641916973467644,1.6952158617375672,1.6522482898783402,3.398210459932044,4.84970854753686,1.1072815012003212,1.1003575052230221,1.1180611541883039,,3.3356679796040596,-3.2519579845261264,2.265950229346523,1.1841202722214614,0.4766220722886034,,4.756067156921109,-2.7137860220622088,2.399828674325408
Feb-2024,4.101356957732986,3.2133737176765758,0.05514495664427521,2.925455210952653,1.497974356339968,1.0066176623656145,4.853189660462014,0.02622519570770554,4.202745056787081,3.0158203702587922,-0.6634787519950156,0.9783914297554264,0.7693058468387219,7.490334763774785,-1.2173258704914858,4.76776602907319,2.7556041680289898,1.4015087202318544,1.7711624180407648,1.55374327428922,3.3417192251519063,4.45989976023573,0.7768572123109214,0.9049444123471289,0.7437556796592064,,2.977530246646457,-4.004236780218144,2.710633486231018,0.5377752446194188,0.2523577166575546,,4.676333607275706,-0.042524014708138935,2.4474525491452352
Mar-2024,3.7526070819139283,3.115180910623358,-0.3868350661594748,2.9169678488152115,1.281984404452154,0.8613422655307237,5.026594830166878,-0.13935469001655543,3.9808752379887005,2.759557365056771,-0.8494272224246227,0.8410549881878315,0.43666184799899943,7.537152944055182,-2.2080559152100943,4.859964599077295,2.3763220780111354,1.1611004669960652,1.8471089743439624,1.4552382587001,3.2852279903717685,4.0700909729346,0.44643292342152163,0.7095313194712358,0.36945020513010984,,2.6193925136888536,-4.756515575910162,3.1553167431155145,-0.10856978298262288,0.028093361026505725,,4.596600057630303,2.628737992645931,2.4950764239650627
