Date,GDP-ARE,GDP-AUS,GDP-AUT,GDP-BRA,GDP-CAN,GDP-CHE,GDP-CHN,GDP-DEU,GDP-EGY,GDP-ESP,GDP-FIN,GDP-FRA,GDP-GBR,GDP-IND,GDP-IRL,GDP-IRN,GDP-ISR,GDP-ITA,GDP-JPN,GDP-KOR,GDP-MEX,GDP-MYS,GDP-NLD,GDP-NOR,GDP-PAK,GDP-PRK,GDP-PRT,GDP-PSE,GDP-RUS,GDP-SAU,GDP-SWE,GDP-SYR,GDP-TUR,GDP-UKR,GDP-USA
Jul-11,6.216121817,2.40897178,2.922797284,3.974423079,3.13719439,1.813108192,9.550832179,3.925192705,1.764571948,-0.814384777,2.547664838,2.192700633,1.145101541,5.241316199,1.280752091,2.64571792,5.561139076,0.707333347,0.023809524,3.685667782,3.444045058,5.293912834,1.551189312,1.105656027,2.680116854,,-1.696164781,9.600808489,4.300029186,10.99376168,3.195333235,2.850002844,11.20011058,5.44528081,1.564406854
Aug-11,5.871679383,2.527359062,2.746926562,3.813384092,3.028838855,1.763394125,9.418510945,3.650157794,1.800778054,-0.982583785,2.238236559,2.045283701,1.173951361,5.258184541,1.170129017,2.144314836,5.327924548,0.418059691,0.129765718,3.585029603,3.452607074,5.307994509,1.348715328,1.232111183,2.707369172,,-1.881351355,9.325957358,4.278386595,10.55573457,2.898577329,0.560667948,10.69723859,5.030146235,1.621246582
Sep-11,5.527236949,2.645746344,2.571055839,3.652345104,2.920483321,1.713680057,9.286189711,3.375122883,1.83698416,-1.150782793,1.928808279,1.897866769,1.202801182,5.275052882,1.059505942,1.642911752,5.09471002,0.128786035,0.235721912,3.484391423,3.46116909,5.322076184,1.146241343,1.358566339,2.734621491,,-2.06653793,9.051106226,4.256744005,10.11770746,2.601821423,-1.728666948,10.1943666,4.615011659,1.678086311
Oct-11,5.182794515,2.764133626,2.395185117,3.491306116,2.812127786,1.66396599,9.153868478,3.100087973,1.873190266,-1.318981802,1.619379999,1.750449837,1.231651002,5.291921223,0.948882867,1.141508669,4.861495492,-0.160487621,0.341678106,3.383753243,3.469731105,5.33615786,0.943767359,1.485021495,2.761873809,,-2.251724505,8.776255095,4.235101414,9.679680359,2.305065516,-4.018001844,9.691494613,4.199877083,1.734926039
Nov-11,4.838352081,2.882520908,2.219314395,3.330267128,2.703772252,1.614251923,9.021547244,2.825053062,1.909396372,-1.48718081,1.309951719,1.603032905,1.260500822,5.308789565,0.838259793,0.640105585,4.628280964,-0.449761277,0.4476343,3.283115064,3.478293121,5.350239535,0.741293374,1.611476651,2.789126127,,-2.436911079,8.501403963,4.213458824,9.241653253,2.00830961,-6.307336739,9.188622623,3.784742507,1.791765767
Dec-11,4.493909647,3.00090819,2.043443673,3.169228141,2.595416717,1.564537855,8.88922601,2.550018152,1.945602478,-1.655379818,1.00052344,1.455615973,1.289350642,5.325657906,0.727636718,0.138702501,4.395066436,-0.739034933,0.553590495,3.182476884,3.486855137,5.36432121,0.538819389,1.737931808,2.816378445,,-2.622097654,8.226552832,4.191816233,8.803626148,1.711553704,-8.596671635,8.685750633,3.369607931,1.848605495
Jan-12,4.149467214,3.119295472,1.867572951,3.008189153,2.487061183,1.514823788,8.756904776,2.274983241,1.981808583,-1.823578826,0.69109516,1.308199041,1.318200463,5.342526248,0.617013643,-0.362700583,4.161851908,-1.02830859,0.659546689,3.081838705,3.495417153,5.378402885,0.336345405,1.864386964,2.843630763,,-2.807284229,7.9517017,4.170173643,8.365599042,1.414797798,-10.88600653,8.182878643,2.954473355,1.905445223
Feb-12,3.80502478,3.237682754,1.691702229,2.847150165,2.378705649,1.465109721,8.624583543,1.99994833,2.018014689,-1.991777835,0.38166688,1.160782109,1.347050283,5.359394589,0.506390568,-0.864103667,3.92863738,-1.317582246,0.765502883,2.981200525,3.503979169,5.39248456,0.13387142,1.99084212,2.870883081,,-2.992470803,7.676850569,4.148531053,7.927571936,1.118041892,-13.17534143,7.680006653,2.539338779,1.962284951
Mar-12,3.460582346,3.356070036,1.515831507,2.686111178,2.270350114,1.415395653,8.492262309,1.72491342,2.054220795,-2.159976843,0.072238601,1.013365178,1.375900103,5.37626293,0.395767494,-1.36550675,3.695422852,-1.606855902,0.871459077,2.880562345,3.512541185,5.406566235,-0.068602565,2.117297276,2.8981354,,-3.177657378,7.401999438,4.126888462,7.48954483,0.821285985,-15.46467632,7.177134663,2.124204203,2.019124679
Apr-12,3.116139912,3.474457318,1.339960785,2.52507219,2.16199458,1.365681586,8.359941075,1.449878509,2.090426901,-2.328175851,-0.237189679,0.865948246,1.404749923,5.393131272,0.285144419,-1.866909834,3.462208324,-1.896129558,0.977415271,2.779924166,3.521103201,5.420647911,-0.271076549,2.243752432,2.925387718,,-3.362843953,7.127148306,4.105245872,7.051517724,0.524530079,-17.75401122,6.674262674,1.709069627,2.075964407
May-12,2.771697478,3.5928446,1.164090063,2.364033202,2.053639045,1.315967518,8.227619841,1.174843598,2.126633007,-2.49637486,-0.546617959,0.718531314,1.433599744,5.409999613,0.174521344,-2.368312918,3.228993796,-2.185403214,1.083371465,2.679285986,3.529665216,5.434729586,-0.473550534,2.370207588,2.952640036,,-3.548030527,6.852297175,4.083603281,6.613490619,0.227774173,-20.04334611,6.171390684,1.293935051,2.132804135
Jun-12,2.427255044,3.711231882,0.988219341,2.202994214,1.945283511,1.266253451,8.095298608,0.899808688,2.162839113,-2.664573868,-0.856046239,0.571114382,1.462449564,5.426867954,0.06389827,-2.869716002,2.995779268,-2.47467687,1.189327659,2.578647807,3.538227232,5.448811261,-0.676024518,2.496662744,2.979892354,,-3.733217102,6.577446043,4.061960691,6.175463513,-0.068981733,-22.33268101,5.668518694,0.878800475,2.189643864
Jul-12,2.08281261,3.829619164,0.812348618,2.041955227,1.836927976,1.216539384,7.962977374,0.624773777,2.199045219,-2.832772876,-1.165474518,0.42369745,1.491299384,5.443736296,-0.046724805,-3.371119086,2.76256474,-2.763950526,1.295283854,2.478009627,3.546789248,5.462892936,-0.878498503,2.6231179,3.007144672,,-3.918403677,6.302594912,4.0403181,5.737436407,-0.365737639,-24.62201591,5.165646704,0.463665899,2.246483592
Aug-12,1.887835273,3.892679994,0.667603599,1.94242396,1.766840781,1.191271289,7.861822991,0.418871981,2.225401097,-2.928420558,-1.387823191,0.318295377,1.518414896,5.474617333,-0.104117474,-3.703540179,2.623493996,-2.958555958,1.387110787,2.417475652,3.500247834,5.458165336,-1.012703429,2.684591258,3.053844325,,-3.995829903,6.06904702,3.979602549,5.352560434,-0.553479465,-26.33825376,4.860989266,0.150219362,2.285754892
Sep-12,2.141253224,3.789761471,0.616235688,2.027415857,1.811558605,1.23934111,7.854169159,0.420369526,2.222206294,-2.806414263,-1.348933041,0.338937881,1.540327481,5.547536458,-0.001818926,-3.529015301,2.766854603,-2.869156718,1.436549938,2.477254291,3.288396132,5.397009911,-0.942101177,2.551119223,3.158885983,,-3.749975085,5.959408848,3.801668117,5.127137861,-0.414179051,-26.33520047,5.150975484,0.14183694,2.272320908
Oct-12,2.394671174,3.686842947,0.564867777,2.112407753,1.856276428,1.287410932,7.846515328,0.421867072,2.21901149,-2.684407968,-1.310042891,0.359580385,1.562240067,5.620455584,0.100479622,-3.354490423,2.91021521,-2.779757477,1.485989089,2.53703293,3.07654443,5.335854487,-0.871498926,2.417647189,3.263927641,,-3.504120267,5.849770675,3.623733685,4.901715288,-0.274878636,-26.33214718,5.440961703,0.133454519,2.258886925
Nov-12,2.648089125,3.583924423,0.513499866,2.19739965,1.900994252,1.335480753,7.838861496,0.423364618,2.215816687,-2.562401673,-1.271152741,0.380222888,1.584152653,5.693374709,0.202778169,-3.179965545,3.053575818,-2.690358236,1.535428241,2.596811568,2.864692728,5.274699062,-0.800896675,2.284175154,3.368969299,,-3.258265448,5.740132503,3.445799253,4.676292715,-0.135578222,-26.32909389,5.730947921,0.125072098,2.245452942
Dec-12,2.901507076,3.481005899,0.462131955,2.282391547,1.945712075,1.383550575,7.831207665,0.424862164,2.212621883,-2.440395378,-1.232262591,0.400865392,1.606065238,5.766293835,0.305076717,-3.005440667,3.196936425,-2.600958996,1.584867392,2.656590207,2.652841026,5.213543637,-0.730294424,2.150703119,3.474010957,,-3.01241063,5.630494331,3.267864821,4.450870142,0.003722193,-26.32604061,6.02093414,0.116689676,2.232018958
Jan-13,3.154925027,3.378087375,0.410764044,2.367383444,1.990429898,1.431620396,7.823553834,0.42635971,2.20942708,-2.318389082,-1.193372441,0.421507896,1.627977824,5.83921296,0.407375265,-2.830915789,3.340297032,-2.511559755,1.634306543,2.716368846,2.440989324,5.152388212,-0.659692173,2.017231085,3.579052615,,-2.766555812,5.520856158,3.089930389,4.225447569,0.143022607,-26.32298732,6.310920358,0.108307255,2.218584975
Feb-13,3.408342978,3.275168852,0.359396133,2.452375341,2.035147722,1.479690217,7.815900002,0.427857255,2.206232276,-2.196382787,-1.154482291,0.4421504,1.649890409,5.912132086,0.509673813,-2.656390912,3.48365764,-2.422160515,1.683745694,2.776147485,2.229137622,5.091232787,-0.589089921,1.88375905,3.684094273,,-2.520700993,5.411217986,2.911995957,4.000024996,0.282323022,-26.31993403,6.600906576,0.099924834,2.205150991
Mar-13,3.661760929,3.172250328,0.308028222,2.537367237,2.079865545,1.527760039,7.808246171,0.429354801,2.203037473,-2.074376492,-1.115592141,0.462792904,1.671802995,5.985051211,0.611972361,-2.481866034,3.627018247,-2.332761274,1.733184845,2.835926123,2.01728592,5.030077362,-0.51848767,1.750287015,3.789135931,,-2.274846175,5.301579814,2.734061525,3.774602423,0.421623436,-26.31688074,6.890892795,0.091542412,2.191717008
Apr-13,3.915178879,3.069331804,0.256660311,2.622359134,2.124583369,1.57582986,7.800592339,0.430852347,2.199842669,-1.952370197,-1.076701991,0.483435408,1.693715581,6.057970336,0.714270909,-2.307341156,3.770378854,-2.243362033,1.782623996,2.895704762,1.805434218,4.968921937,-0.447885419,1.61681498,3.894177589,,-2.028991357,5.191941641,2.556127093,3.54917985,0.560923851,-26.31382746,7.180879013,0.083159991,2.178283025
May-13,4.16859683,2.96641328,0.205292401,2.707351031,2.169301192,1.623899682,7.792938508,0.432349893,2.196647866,-1.830363901,-1.037811841,0.504077911,1.715628166,6.130889462,0.816569457,-2.132816278,3.913739462,-2.153962793,1.832063148,2.955483401,1.593582516,4.907766513,-0.377283168,1.483342946,3.999219247,,-1.783136539,5.082303469,2.378192661,3.323757277,0.700224265,-26.31077417,7.470865232,0.074777569,2.164849041
Jun-13,4.422014781,2.863494757,0.15392449,2.792342928,2.214019015,1.671969503,7.785284676,0.433847439,2.193453062,-1.708357606,-0.998921691,0.524720415,1.737540752,6.203808587,0.918868004,-1.9582914,4.057100069,-2.064563552,1.881502299,3.01526204,1.381730814,4.846611088,-0.306680916,1.349870911,4.104260905,,-1.53728172,4.972665296,2.200258229,3.098334704,0.83952468,-26.30772088,7.76085145,0.066395148,2.151415058
Jul-13,4.675432732,2.760576233,0.102556579,2.877334824,2.258736839,1.720039325,7.777630845,0.435344984,2.190258259,-1.586351311,-0.960031541,0.545362919,1.759453337,6.276727713,1.021166552,-1.783766522,4.200460676,-1.975164312,1.93094145,3.075040678,1.169879112,4.785455663,-0.236078665,1.216398876,4.209302563,,-1.291426902,4.863027124,2.022323797,2.872912131,0.978825094,-26.30466759,8.050837669,0.058012727,2.137981074
Aug-13,4.928850683,2.657657709,0.051188668,2.962326721,2.303454662,1.768109146,7.769977013,0.43684253,2.187063455,-1.464345016,-0.921141391,0.566005423,1.781365923,6.349646838,1.1234651,-1.609241644,4.343821284,-1.885765071,1.980380601,3.134819317,0.95802741,4.724300238,-0.165476414,1.082926841,4.314344221,,-1.045572084,4.753388952,1.844389365,2.647489558,1.118125509,-26.30161431,8.340823887,0.049630305,2.124547091
Sep-13,5.020662881,2.606245607,0.050436796,2.906749457,2.34729017,1.814016105,7.75280161,0.507079622,2.214110988,-1.293572565,-0.8806458,0.591223003,1.847359873,6.426268017,1.474786309,-1.266812371,4.396035913,-1.769045141,1.9380847,3.166188839,0.916872616,4.745212699,-0.069250948,1.056659105,4.357043996,,-0.855396244,4.508121375,1.715455289,2.584842762,1.245423659,-25.67303873,8.346754179,-0.351593614,2.133751265
Oct-13,4.950869327,2.606339928,0.100300964,2.710603031,2.390243362,1.8577602,7.726104634,0.646056259,2.271400857,-1.074033958,-0.838544768,0.62101566,1.957435186,6.506591248,2.07513018,-0.756478702,4.357104564,-1.62500452,1.804053746,3.169149243,1.046414729,4.848193046,0.052597733,1.137595668,4.337401888,,-0.720899383,4.127224393,1.635521569,2.684971744,1.360719546,-24.41894087,8.068628545,-1.145659032,2.165593595
Nov-13,4.881075772,2.606434248,0.150165131,2.514456605,2.433196554,1.901504296,7.699407658,0.785032897,2.328690726,-0.854495351,-0.796443736,0.650808317,2.0675105,6.58691448,2.675474051,-0.246145034,4.318173216,-1.4809639,1.670022792,3.172109648,1.175956842,4.951173392,0.174446414,1.218532231,4.31775978,,-0.586402522,3.746327411,1.555587849,2.785100726,1.476015433,-23.164843,7.790502911,-1.93972445,2.197435926
Dec-13,4.811282218,2.606528568,0.200029299,2.318310179,2.476149746,1.945248391,7.672710682,0.924009534,2.385980594,-0.634956745,-0.754342704,0.680600975,2.177585814,6.667237712,3.275817922,0.264188634,4.279241867,-1.33692328,1.535991838,3.175070052,1.305498956,5.054153739,0.296295095,1.299468794,4.298117671,,-0.451905661,3.36543043,1.47565413,2.885229708,1.59131132,-21.91074514,7.512377277,-2.733789868,2.229278256
Jan-14,4.741488664,2.606622889,0.249893466,2.122163753,2.519102938,1.988992487,7.646013707,1.062986172,2.443270463,-0.415418138,-0.712241672,0.710393632,2.287661128,6.747560944,3.876161793,0.774522303,4.240310519,-1.19288266,1.401960884,3.178030457,1.435041069,5.157134086,0.418143776,1.380405356,4.278475563,,-0.317408801,2.984533448,1.39572041,2.98535869,1.706607207,-20.65664728,7.234251643,-3.527855286,2.261120587
Feb-14,4.671695109,2.606717209,0.299757634,1.926017327,2.56205613,2.032736582,7.619316731,1.201962809,2.500560332,-0.195879531,-0.67014064,0.740186289,2.397736441,6.827884175,4.476505664,1.284855971,4.20137917,-1.048842039,1.26792993,3.180990862,1.564583182,5.260114432,0.539992457,1.461341919,4.258833455,,-0.18291194,2.603636466,1.31578669,3.085487672,1.821903094,-19.40254942,6.956126009,-4.321920704,2.292962918
Mar-14,4.601901555,2.60681153,0.349621801,1.729870902,2.605009322,2.076480678,7.592619755,1.340939447,2.557850201,0.023659076,-0.628039608,0.769978946,2.507811755,6.908207407,5.076849534,1.79518964,4.162447822,-0.904801419,1.133898976,3.183951266,1.694125295,5.363094779,0.661841138,1.542278482,4.239191347,,-0.048415079,2.222739485,1.23585297,3.185616654,1.937198981,-18.14845155,6.678000375,-5.115986122,2.324805248
Apr-14,4.532108001,2.60690585,0.399485969,1.533724476,2.647962514,2.120224774,7.565922779,1.479916084,2.615140069,0.243197682,-0.585938575,0.799771603,2.617887069,6.988530639,5.677193405,2.305523308,4.123516473,-0.760760799,0.999868022,3.186911671,1.823667409,5.466075126,0.78368982,1.623215044,4.219549239,,0.086081782,1.841842503,1.155919251,3.285745636,2.052494869,-16.89435369,6.399874741,-5.91005154,2.356647579
May-14,4.462314446,2.60700017,0.449350137,1.33757805,2.690915706,2.163968869,7.539225803,1.618892722,2.672429938,0.462736289,-0.543837543,0.82956426,2.727962382,7.06885387,6.277537276,2.815856976,4.084585124,-0.616720179,0.865837068,3.189872075,1.953209522,5.569055472,0.905538501,1.704151607,4.199907131,,0.220578643,1.460945521,1.075985531,3.385874618,2.167790756,-15.64025583,6.121749106,-6.704116958,2.388489909
Jun-14,4.392520892,2.607094491,0.499214304,1.141431624,2.733868898,2.207712965,7.512528828,1.757869359,2.729719807,0.682274896,-0.501736511,0.859356917,2.838037696,7.149177102,6.877881147,3.326190645,4.045653776,-0.472679558,0.731806114,3.19283248,2.082751635,5.672035819,1.027387182,1.78508817,4.180265023,,0.355075504,1.08004854,0.996051811,3.4860036,2.283086643,-14.38615796,5.843623472,-7.498182376,2.42033224
Jul-14,4.322727338,2.607188811,0.549078472,0.945285198,2.77682209,2.25145706,7.485831852,1.896845997,2.787009676,0.901813502,-0.459635479,0.889149574,2.94811301,7.229500334,7.478225018,3.836524313,4.006722427,-0.328638938,0.59777516,3.195792884,2.212293748,5.775016166,1.149235863,1.866024732,4.160622915,,0.489572365,0.699151558,0.916118091,3.586132582,2.39838253,-13.1320601,5.565497838,-8.292247794,2.452174571
Aug-14,4.252933784,2.607283131,0.598942639,0.749138773,2.819775282,2.295201156,7.459134876,2.035822634,2.844299545,1.121352109,-0.417534447,0.918942231,3.058188323,7.309823566,8.078568889,4.346857982,3.967791079,-0.184598318,0.463744207,3.198753289,2.341835861,5.877996512,1.271084544,1.946961295,4.140980807,,0.624069226,0.318254576,0.836184371,3.686261564,2.513678417,-11.87796224,5.287372204,-9.086313212,2.484016901
Sep-14,4.183140229,2.607377452,0.648806807,0.552992347,2.862728474,2.338945251,7.4324379,2.174799272,2.901589413,1.340890716,-0.375433415,0.948734888,3.168263637,7.390146797,8.67891276,4.85719165,3.92885973,-0.040557697,0.329713253,3.201713693,2.471377975,5.980976859,1.392933225,2.027897858,4.121338699,,0.758566087,-0.062642405,0.756250652,3.786390546,2.628974304,-10.62386437,5.00924657,-9.88037863,2.515859232
Oct-14,4.319873078,2.583542745,0.68205101,0.265736968,2.742672903,2.30839577,7.403149846,2.167330966,3.001565245,1.539466162,-0.311463018,0.965402422,3.138398692,7.444699733,9.749366645,4.607736243,3.834815093,0.041502569,0.370583231,3.179315528,2.515443498,5.952887268,1.454911532,2.036908924,4.122399579,,0.851005346,0.070319603,0.576915078,3.852460219,2.765532588,-9.949719421,5.007054676,-10.06090041,2.548627499
Nov-14,4.525448061,2.551731696,0.709755225,-0.051888062,2.568281077,2.253081763,7.372998099,2.11104768,3.115769731,1.731053888,-0.240202832,0.977694915,3.061886995,7.490662571,10.97652387,4.105017811,3.722399359,0.102902717,0.46975352,3.148464507,2.531016826,5.881107697,1.496933048,2.021944824,4.130361455,,0.929425404,0.374567942,0.364445552,3.90717679,2.909178338,-9.468892104,5.096840695,-10.03690764,2.581704412
Dec-14,4.731023044,2.519920646,0.737459439,-0.369513092,2.393889251,2.197767756,7.342846351,2.054764393,3.229974217,1.922641614,-0.168942646,0.989987409,2.985375297,7.536625409,12.20368109,3.602299379,3.609983625,0.164302866,0.568923808,3.117613485,2.546590153,5.809328127,1.538954563,2.006980724,4.138323332,,1.007845462,0.678816281,0.151976027,3.96189336,3.052824088,-8.988064786,5.186626714,-10.01291488,2.614781325
Jan-15,4.936598028,2.488109597,0.765163654,-0.687138122,2.219497425,2.142453749,7.312694604,1.998481107,3.344178703,2.114229341,-0.09768246,1.002279902,2.9088636,7.582588246,13.43083832,3.099580948,3.497567892,0.225703014,0.668094097,3.086762463,2.56216348,5.737548556,1.580976079,1.992016624,4.146285208,,1.086265521,0.98306462,-0.060493498,4.01660993,3.196469838,-8.507237469,5.276412733,-9.98892211,2.647858238
Feb-15,5.142173011,2.456298548,0.792867869,-1.004763152,2.0451056,2.087139742,7.282542857,1.94219782,3.458383189,2.305817067,-0.026422274,1.014572395,2.832351902,7.628551084,14.65799554,2.596862516,3.385152158,0.287103163,0.767264386,3.055911442,2.577736807,5.665768986,1.622997595,1.977052525,4.154247085,,1.164685579,1.287312959,-0.272963023,4.071326501,3.340115588,-8.026410152,5.366198752,-9.964929344,2.680935151
Mar-15,5.347747994,2.424487498,0.820572083,-1.322388182,1.870713774,2.031825735,7.25239111,1.885914534,3.572587675,2.497404793,0.044837911,1.026864888,2.755840205,7.674513922,15.88515277,2.094144084,3.272736424,0.348503311,0.866434675,3.02506042,2.593310135,5.593989415,1.665019111,1.962088425,4.162208961,,1.243105637,1.591561298,-0.485432549,4.126043071,3.483761338,-7.545582834,5.455984771,-9.940936577,2.714012064
Apr-15,5.553322977,2.392676449,0.848276298,-1.640013212,1.696321948,1.976511728,7.222239362,1.829631247,3.686792161,2.688992519,0.116098097,1.039157381,2.679328507,7.72047676,17.11230999,1.591425652,3.160320691,0.40990346,0.965604964,2.994209398,2.608883462,5.522209845,1.707040626,1.947124325,4.170170837,,1.321525696,1.895809637,-0.697902074,4.180759641,3.627407088,-7.064755517,5.54577079,-9.916943811,2.747088977
May-15,5.758897961,2.3608654,0.875980513,-1.957638243,1.521930122,1.921197722,7.192087615,1.77334796,3.800996648,2.880580246,0.187358283,1.051449875,2.60281681,7.766439597,18.33946722,1.08870722,3.047904957,0.471303608,1.064775253,2.963358377,2.624456789,5.450430274,1.749062142,1.932160225,4.178132714,,1.399945754,2.200057976,-0.910371599,4.235476212,3.771052838,-6.5839282,5.635556809,-9.892951045,2.78016589
Jun-15,5.964472944,2.329054351,0.903684727,-2.275263273,1.347538297,1.865883715,7.161935868,1.717064674,3.915201134,3.072167972,0.258618469,1.063742368,2.526305112,7.812402435,19.56662444,0.585988788,2.935489224,0.532703757,1.163945541,2.932507355,2.640030116,5.378650704,1.791083658,1.917196126,4.18609459,,1.478365812,2.504306315,-1.122841125,4.290192782,3.914698588,-6.103100883,5.725342828,-9.868958278,2.813242803
Jul-15,6.170047927,2.297243301,0.931388942,-2.592888303,1.173146471,1.810569708,7.131784121,1.660781387,4.02940562,3.263755698,0.329878654,1.076034861,2.449793415,7.858365273,20.79378166,0.083270356,2.82307349,0.594103905,1.26311583,2.901656333,2.655603444,5.306871133,1.833105174,1.902232026,4.194056467,,1.556785871,2.808554654,-1.33531065,4.344909352,4.058344338,-5.622273565,5.815128847,-9.844965512,2.846319716
Aug-15,6.37562291,2.265432252,0.959093157,-2.910513333,0.998754645,1.755255701,7.101632373,1.604498101,4.143610106,3.455343424,0.40113884,1.088327354,2.373281717,7.90432811,22.02093889,-0.419448076,2.710657756,0.655504054,1.362286119,2.870805312,2.671176771,5.235091563,1.87512669,1.887267926,4.202018343,,1.635205929,3.112802993,-1.547780175,4.399625923,4.201990088,-5.141446248,5.904914866,-9.820972746,2.879396629
Sep-15,6.581197893,2.233621203,0.986797371,-3.228138363,0.824362819,1.699941694,7.071480626,1.548214814,4.257814592,3.64693115,0.472399026,1.100619847,2.29677002,7.950290948,23.24809611,-0.922166507,2.598242023,0.716904202,1.461456408,2.83995429,2.686750098,5.163311992,1.917148205,1.872303826,4.209980219,,1.713625987,3.417051332,-1.760249701,4.454342493,4.345635838,-4.660618931,5.994700885,-9.796979979,2.912473542
Oct-15,6.786772877,2.201810153,1.014501586,-3.545763393,0.649970994,1.644627687,7.041328879,1.491931528,4.372019078,3.838518877,0.543659212,1.112912341,2.220258322,7.996253786,24.47525334,-1.424884939,2.485826289,0.778304351,1.560626697,2.809103268,2.702323426,5.091532422,1.959169721,1.857339726,4.217942096,,1.792046046,3.721299671,-1.972719226,4.509059063,4.489281588,-4.179791613,6.084486904,-9.772987213,2.945550455
Nov-15,6.690672318,2.247091132,1.090967121,-3.524598963,0.680447852,1.67788745,7.02622561,1.549819241,4.370028833,3.775715368,0.721525765,1.111543875,2.196792055,8.016649999,22.69410067,-0.621749913,2.645501114,0.81870893,1.497348269,2.819909421,2.629395568,5.041199008,1.977408466,1.803016943,4.402718267,,1.809884426,4.124697251,-1.802804771,4.303210724,4.299580534,-4.354364094,5.867906301,-8.815028848,2.857228966
Dec-15,6.59457176,2.29237211,1.167432657,-3.503434532,0.71092471,1.711147213,7.011122342,1.607706954,4.368038588,3.712911859,0.899392318,1.110175409,2.173325788,8.037046212,20.91294801,0.181385113,2.805175939,0.859113508,1.434069842,2.830715574,2.55646771,4.990865594,1.995647211,1.748694159,4.587494439,,1.827722806,4.528094832,-1.632890316,4.097362384,4.10987948,-4.528936574,5.651325697,-7.857070482,2.768907477
Jan-16,6.498471202,2.337653088,1.243898192,-3.482270102,0.741401568,1.744406976,6.996019073,1.665594666,4.366048343,3.650108351,1.077258872,1.108806944,2.14985952,8.057442425,19.13179535,0.984520139,2.964850764,0.899518087,1.370791414,2.841521726,2.483539852,4.940532181,2.013885956,1.694371376,4.772270611,,1.845561187,4.931492412,-1.462975862,3.891514045,3.920178426,-4.703509055,5.434745094,-6.899112117,2.680585989
Feb-16,6.402370644,2.382934066,1.320363728,-3.461105672,0.771878426,1.77766674,6.980915805,1.723482379,4.364058098,3.587304842,1.255125425,1.107438478,2.126393253,8.077838638,17.35064268,1.787655165,3.124525589,0.939922666,1.307512987,2.852327879,2.410611994,4.890198767,2.032124701,1.640048592,4.957046783,,1.863399567,5.334889992,-1.293061407,3.685665706,3.730477372,-4.878081535,5.21816449,-5.941153752,2.5922645
Mar-16,6.306270086,2.428215044,1.396829263,-3.439941242,0.802355284,1.810926503,6.965812536,1.781370092,4.362067854,3.524501334,1.432991978,1.106070012,2.102926985,8.098234851,15.56949002,2.590790191,3.284200414,0.980327245,1.244234559,2.863134032,2.337684136,4.839865353,2.050363446,1.585725808,5.141822954,,1.881237948,5.738287573,-1.123146952,3.479817366,3.540776318,-5.052654016,5.001583886,-4.983195386,2.503943011
Apr-16,6.210169527,2.473496023,1.473294798,-3.418776812,0.832832143,1.844186266,6.950709268,1.839257805,4.360077609,3.461697825,1.610858532,1.104701547,2.079460718,8.118631064,13.78833736,3.393925217,3.443875239,1.020731824,1.180956132,2.873940184,2.264756279,4.78953194,2.068602191,1.531403025,5.326599126,,1.899076328,6.141685153,-0.953232498,3.273969027,3.351075264,-5.227226496,4.785003283,-4.025237021,2.415621523
May-16,6.114068969,2.518777001,1.549760334,-3.397612381,0.863309001,1.877446029,6.935605999,1.897145518,4.358087364,3.398894316,1.788725085,1.103333081,2.055994451,8.139027277,12.00718469,4.197060243,3.603550065,1.061136403,1.117677704,2.884746337,2.191828421,4.739198526,2.086840936,1.477080241,5.511375298,,1.916914708,6.545082733,-0.783318043,3.068120687,3.161374211,-5.401798977,4.568422679,-3.067278656,2.327300034
Jun-16,6.017968411,2.564057979,1.626225869,-3.376447951,0.893785859,1.910705792,6.92050273,1.955033231,4.356097119,3.336090808,1.966591638,1.101964615,2.032528183,8.15942349,10.22603203,5.000195269,3.76322489,1.101540982,1.054399277,2.89555249,2.118900563,4.688865112,2.105079681,1.422757457,5.696151469,,1.934753089,6.948480314,-0.613403588,2.862272348,2.971673157,-5.576371457,4.351842076,-2.10932029,2.238978546
Jul-16,5.921867853,2.609338957,1.702691405,-3.355283521,0.924262717,1.943965555,6.905399462,2.012920944,4.354106874,3.273287299,2.144458192,1.10059615,2.009061916,8.179819703,8.444879367,5.803330295,3.922899715,1.141945561,0.991120849,2.906358642,2.045972705,4.638531699,2.123318426,1.368434674,5.880927641,,1.952591469,7.351877894,-0.443489134,2.656424008,2.781972103,-5.750943938,4.135261472,-1.151361925,2.150657057
Aug-16,5.825767295,2.654619935,1.77915694,-3.334119091,0.954739575,1.977225318,6.890296193,2.070808657,4.352116629,3.21048379,2.322324745,1.099227684,1.985595649,8.200215916,6.663726703,6.606465321,4.08257454,1.18235014,0.927842422,2.917164795,1.973044847,4.588198285,2.141557171,1.31411189,6.065703813,,1.97042985,7.755275474,-0.273574679,2.450575669,2.592271049,-5.925516418,3.918680868,-0.19340356,2.062335568
Sep-16,5.729666737,2.699900914,1.855622475,-3.312954661,0.985216433,2.010485082,6.875192925,2.12869637,4.350126385,3.147680282,2.500191298,1.097859219,1.962129381,8.220612129,4.88257404,7.409600347,4.242249365,1.222754719,0.864563994,2.927970948,1.90011699,4.537864871,2.159795916,1.259789106,6.250479985,,1.98826823,8.158673054,-0.103660224,2.24472733,2.402569995,-6.100088899,3.702100265,0.764554806,1.97401408
Oct-16,5.633566178,2.745181892,1.932088011,-3.29179023,1.015693291,2.043744845,6.860089656,2.186584083,4.34813614,3.084876773,2.678057852,1.096490753,1.938663114,8.241008342,3.101421377,8.212735373,4.40192419,1.263159297,0.801285567,2.938777101,1.827189132,4.487531458,2.178034661,1.205466323,6.435256156,,2.00610661,8.562070635,0.06625423,2.03887899,2.212868941,-6.274661379,3.485519661,1.722513171,1.885692591
Nov-16,5.466855033,2.770114523,1.994714324,-3.185744634,1.07767415,2.054848685,6.850692373,2.238827931,4.343399878,3.036558192,2.818927411,1.118914513,1.935455693,8.227659971,1.913511829,8.696330145,4.516874733,1.300803836,0.771895472,2.951053363,1.774439029,4.476505731,2.20581546,1.190195256,6.531853729,,2.048639511,8.718633501,0.225692032,1.865405597,2.080344746,-6.294172917,3.405023685,2.43939352,1.831964628
Dec-16,5.088312128,2.734002112,2.015822973,-2.825055539,1.23416701,1.999484754,6.858413047,2.274140186,4.330425568,3.031694395,2.848805989,1.212714952,1.993024811,8.113077847,2.505331627,8.221304153,4.497652431,1.330168252,0.844170374,2.967739953,1.782222189,4.583403065,2.262222425,1.292079338,6.363915503,,2.165255973,8.134692226,0.353699874,1.789057042,2.119351128,-5.848501625,3.732781589,2.433039821,1.882017242
Jan-17,4.709769222,2.697889701,2.036931622,-2.464366444,1.39065987,1.944120824,6.866133721,2.309452441,4.317451258,3.026830598,2.878684566,1.30651539,2.050593929,7.998495722,3.097151425,7.746278161,4.478430128,1.359532669,0.916445276,2.984426543,1.790005349,4.6903004,2.318629389,1.39396342,6.195977277,,2.281872435,7.550750951,0.481707717,1.712708486,2.158357511,-5.402830334,4.060539493,2.426686122,1.932069856
Feb-17,4.331226317,2.66177729,2.05804027,-2.103677349,1.547152731,1.888756894,6.873854394,2.344764695,4.304476948,3.021966801,2.908563143,1.400315829,2.108163047,7.883913598,3.688971223,7.271252169,4.459207825,1.388897085,0.988720179,3.001113133,1.79778851,4.797197734,2.375036353,1.495847503,6.028039051,,2.398488897,6.966809676,0.60971556,1.636359931,2.197363893,-4.957159043,4.388297398,2.420332423,1.98212247
Mar-17,3.952683411,2.625664879,2.079148919,-1.742988254,1.703645591,1.833392964,6.881575068,2.38007695,4.291502637,3.017103004,2.938441721,1.494116267,2.165732165,7.769331474,4.280791022,6.796226177,4.439985523,1.418261501,1.060995081,3.017799723,1.80557167,4.904095068,2.431443317,1.597731585,5.860100826,,2.515105359,6.382868401,0.737723402,1.560011376,2.236370275,-4.511487752,4.716055302,2.413978724,2.032175084
Apr-17,3.574140506,2.589552468,2.100257568,-1.382299159,1.860138451,1.778029034,6.889295741,2.415389205,4.278528327,3.012239207,2.968320298,1.587916706,2.223301283,7.65474935,4.87261082,6.321200185,4.42076322,1.447625918,1.133269984,3.034486314,1.81335483,5.010992403,2.487850281,1.699615667,5.6921626,,2.631721821,5.798927126,0.865731245,1.48366282,2.275376658,-4.065816461,5.043813206,2.407625024,2.082227698
May-17,3.1955976,2.553440058,2.121366216,-1.021610064,2.016631311,1.722665103,6.897016415,2.450701459,4.265554017,3.00737541,2.998198876,1.681717144,2.280870401,7.540167226,5.464430618,5.846174193,4.401540918,1.476990334,1.205544886,3.051172904,1.821137991,5.117889737,2.544257246,1.80149975,5.524224374,,2.748338282,5.214985851,0.993739087,1.407314265,2.31438304,-3.62014517,5.371571111,2.401271325,2.132280312
Jun-17,2.817054695,2.517327647,2.142474865,-0.660920969,2.173124171,1.667301173,6.904737089,2.486013714,4.252579706,3.002511613,3.028077453,1.775517583,2.338439519,7.425585102,6.056250416,5.371148201,4.382318615,1.506354751,1.277819788,3.067859494,1.828921151,5.224787071,2.60066421,1.903383832,5.356286148,,2.864954744,4.631044576,1.12174693,1.33096571,2.353389422,-3.174473879,5.699329015,2.394917626,2.182332926
Jul-17,2.438511789,2.481215236,2.163583514,-0.300231874,2.329617032,1.611937243,6.912457762,2.521325968,4.239605396,2.997647816,3.057956031,1.869318021,2.396008637,7.311002978,6.648070214,4.896122209,4.363096313,1.535719167,1.350094691,3.084546084,1.836704312,5.331684406,2.657071174,2.005267914,5.188347923,,2.981571206,4.047103301,1.249754772,1.254617154,2.392395805,-2.728802588,6.02708692,2.388563927,2.23238554
Aug-17,2.059968883,2.445102825,2.184692162,0.060457221,2.486109892,1.556573313,6.920178436,2.556638223,4.226631086,2.992784019,3.087834608,1.96311846,2.453577755,7.196420853,7.239890013,4.421096217,4.34387401,1.565083584,1.422369593,3.101232674,1.844487472,5.43858174,2.713478138,2.107151997,5.020409697,,3.098187668,3.463162026,1.377762615,1.178268599,2.431402187,-2.283131296,6.354844824,2.382210228,2.282438154
Sep-17,1.681425978,2.408990414,2.205800811,0.421146316,2.642602752,1.501209383,6.927899109,2.591950478,4.213656775,2.987920222,3.117713186,2.056918898,2.511146873,7.081838729,7.831709811,3.946070226,4.324651708,1.594448,1.494644496,3.117919265,1.852270632,5.545479074,2.769885103,2.209036079,4.852471471,,3.21480413,2.879220751,1.505770458,1.101920044,2.470408569,-1.837460005,6.682602728,2.375856529,2.332490769
Oct-17,1.302883072,2.372878003,2.22690946,0.781835411,2.799095612,1.445845452,6.935619783,2.627262732,4.200682465,2.983056425,3.147591763,2.150719336,2.568715991,6.967256605,8.423529609,3.471044234,4.305429405,1.623812416,1.566919398,3.134605855,1.860053793,5.652376408,2.826292067,2.310920162,4.684533245,,3.331420592,2.295279476,1.6337783,1.025571489,2.509414952,-1.391788714,7.010360633,2.36950283,2.382543383
Nov-17,0.924340167,2.336765592,2.248018108,1.142524507,2.955588473,1.390481522,6.943340457,2.662574987,4.187708155,2.978192628,3.177470341,2.244519775,2.626285109,6.852674481,9.015349407,2.996018242,4.286207102,1.653176833,1.6391943,3.151292445,1.867836953,5.759273743,2.882699031,2.412804244,4.51659502,,3.448037054,1.7113382,1.761786143,0.949222933,2.548421334,-0.946117423,7.338118537,2.363149131,2.432595997
Dec-17,0.757768524,2.341754631,2.265114116,1.340939552,3.022428178,1.421530782,6.93945856,2.613603722,4.226314632,2.948651266,3.111911919,2.274700232,2.605999959,6.781990004,9.278280332,2.578249841,4.268506772,1.638759116,1.634863488,3.14974429,1.875663967,5.774697491,2.889334379,2.399634692,4.50004068,,3.48057982,1.411826771,1.864278509,1.000781131,2.543693087,-0.64028343,7.325965427,2.404222872,2.477578491
Jan-18,0.803168145,2.38784512,2.278197483,1.377080549,2.999614729,1.538993232,6.923974092,2.480348937,4.316501896,2.89443234,2.950916498,2.241260709,2.507860541,6.755203175,9.212322382,2.217739032,4.252328414,1.580559265,1.55392696,3.129961391,1.883534835,5.698647653,2.846198111,2.271411506,4.634870225,,3.429048891,1.396745188,1.941255399,1.180246082,2.49523021,-0.474286736,6.973901303,2.492724053,2.517490864
Feb-18,0.848567766,2.433935608,2.29128085,1.413221546,2.976801281,1.656455682,6.908489625,2.347094152,4.40668916,2.840213414,2.789921077,2.207821186,2.409721123,6.728416346,9.146364433,1.857228223,4.236150056,1.522359414,1.472990432,3.110178492,1.891405702,5.622597815,2.803061843,2.14318832,4.76969977,,3.377517961,1.381663605,2.018232289,1.359711033,2.446767333,-0.308290041,6.621837179,2.581225234,2.557403238
Mar-18,0.893967387,2.480026097,2.304364217,1.449362542,2.953987832,1.773918132,6.893005157,2.213839367,4.496876425,2.785994487,2.628925657,2.174381662,2.311581704,6.701629516,9.080406483,1.496717414,4.219971698,1.464159563,1.392053905,3.090395593,1.89927657,5.546547977,2.759925575,2.014965134,4.904529316,,3.325987032,1.366582022,2.095209179,1.539175984,2.398304456,-0.142293346,6.269773055,2.669726415,2.597315612
Apr-18,0.939367008,2.526116585,2.317447584,1.485503539,2.931174383,1.891380582,6.877520689,2.080584582,4.587063689,2.731775561,2.467930236,2.140942139,2.213442286,6.674842687,9.014448534,1.136206605,4.20379334,1.405959712,1.311117377,3.070612693,1.907147437,5.470498139,2.716789307,1.886741948,5.039358861,,3.274456102,1.351500439,2.172186069,1.718640935,2.34984158,0.023703348,5.917708931,2.758227596,2.637227986
May-18,0.984766629,2.572207074,2.330530951,1.521644536,2.908360935,2.008843032,6.862036222,1.947329797,4.677250953,2.677556635,2.306934815,2.107502615,2.115302868,6.648055858,8.948490585,0.775695795,4.187614982,1.347759861,1.230180849,3.050829794,1.915018305,5.394448301,2.673653039,1.758518762,5.174188407,,3.222925173,1.336418856,2.249162959,1.898105886,2.301378703,0.189700043,5.565644807,2.846728777,2.67714036
Jun-18,1.03016625,2.618297562,2.343614318,1.557785532,2.885547486,2.126305482,6.846551754,1.814075012,4.767438217,2.623337709,2.145939394,2.074063092,2.01716345,6.621269028,8.882532635,0.415184986,4.171436625,1.28956001,1.149244322,3.031046895,1.922889172,5.318398463,2.63051677,1.630295576,5.309017952,,3.171394243,1.321337272,2.326139849,2.077570837,2.252915826,0.355696737,5.213580683,2.935229958,2.717052734
Jul-18,1.075565871,2.664388051,2.356697684,1.593926529,2.862734037,2.243767932,6.831067287,1.680820227,4.857625482,2.569118782,1.984943973,2.040623569,1.919024032,6.594482199,8.816574686,0.054674177,4.155258267,1.231360159,1.068307794,3.011263995,1.93076004,5.242348625,2.587380502,1.50207239,5.443847498,,3.119863314,1.306255689,2.403116738,2.257035788,2.204452949,0.521693432,4.861516559,3.023731139,2.756965108
Aug-18,1.120965492,2.710478539,2.369781051,1.630067526,2.839920588,2.361230382,6.815582819,1.547565442,4.947812746,2.514899856,1.823948552,2.007184045,1.820884613,6.56769537,8.750616737,-0.305836632,4.139079909,1.173160308,0.987371266,2.991481096,1.938630907,5.166298788,2.544244234,1.373849204,5.578677043,,3.068332385,1.291174106,2.480093628,2.436500739,2.155990072,0.687690126,4.509452435,3.11223232,2.796877482
Sep-18,1.166365113,2.756569028,2.382864418,1.666208522,2.81710714,2.478692832,6.800098352,1.414310657,5.03800001,2.46068093,1.662953131,1.973744522,1.722745195,6.54090854,8.684658787,-0.666347441,4.122901551,1.114960457,0.906434738,2.971698197,1.946501775,5.09024895,2.501107966,1.245626019,5.713506588,,3.016801455,1.276092523,2.557070518,2.61596569,2.107527195,0.853686821,4.157388311,3.200733502,2.836789856
Oct-18,1.211764734,2.802659516,2.395947785,1.702349519,2.794293691,2.596155282,6.784613884,1.281055872,5.128187274,2.406462004,1.50195771,1.940304998,1.624605777,6.514121711,8.618700838,-1.02685825,4.106723193,1.056760606,0.825498211,2.951915297,1.954372642,5.014199112,2.457971698,1.117402833,5.848336134,,2.965270526,1.26101094,2.634047408,2.795430641,2.059064319,1.019683516,3.805324187,3.289234683,2.87670223
Nov-18,1.257164355,2.848750004,2.409031152,1.738490516,2.771480242,2.713617732,6.769129417,1.147801087,5.218374539,2.352243077,1.34096229,1.906865475,1.526466359,6.487334882,8.552742889,-1.387369059,4.090544835,0.998560755,0.744561683,2.932132398,1.96224351,4.938149274,2.41483543,0.989179647,5.983165679,,2.913739596,1.245929357,2.711024298,2.974895592,2.010601442,1.18568021,3.453260063,3.377735864,2.916614604
Dec-18,1.302563976,2.894840493,2.422114519,1.774631512,2.748666793,2.831080182,6.753644949,1.014546302,5.308561803,2.298024151,1.179966869,1.873425952,1.42832694,6.460548052,8.486784939,-1.747879869,4.074366477,0.940360904,0.663625155,2.912349499,1.970114377,4.862099436,2.371699162,0.860956461,6.117995225,,2.862208667,1.230847774,2.788001188,3.154360543,1.962138565,1.351676905,3.101195939,3.466237045,2.956526978
Jan-19,1.301821779,2.863701115,2.36804088,1.750555648,2.693873343,2.759359708,6.702757769,0.986776078,5.344107704,2.266792761,1.144719832,1.863766409,1.417781434,6.301944615,8.283673839,-1.910512301,4.075369893,0.899774904,0.581887481,2.86837872,1.841292809,4.817798767,2.337072349,0.846246382,5.936757571,,2.839527934,1.235054442,2.771411899,3.075609543,1.952150671,1.383030734,2.884082616,3.471370665,2.937124629
Feb-19,1.285698975,2.806818447,2.291581572,1.706407496,2.628419891,2.62457826,6.640069684,0.994167375,5.361439818,2.243223883,1.151388922,1.862033526,1.436433897,6.099402309,8.034845021,-2.007185275,4.082100568,0.865060189,0.499882757,2.816345315,1.666907095,4.784081155,2.305282021,0.869374007,5.650164184,,2.826463933,1.245690527,2.723633884,2.91078656,1.954987771,1.369503608,2.711952893,3.448715098,2.897950707
Mar-19,1.269576171,2.74993578,2.215122264,1.662259344,2.56296644,2.489796811,6.5773816,1.001558671,5.378771932,2.219655005,1.158058013,1.860300643,1.455086361,5.896860003,7.786016203,-2.103858248,4.088831243,0.830345473,0.417878034,2.76431191,1.492521382,4.750363543,2.273491693,0.892501631,5.363570797,,2.813399932,1.256326612,2.675855868,2.745963578,1.957824871,1.355976482,2.539823169,3.426059532,2.858776785
Apr-19,1.253453368,2.693053112,2.138662956,1.618111192,2.497512988,2.355015362,6.514693515,1.008949968,5.396104046,2.196086126,1.164727104,1.85856776,1.473738824,5.694317697,7.537187385,-2.200531222,4.095561917,0.795630757,0.33587331,2.712278505,1.318135668,4.716645931,2.241701366,0.915629255,5.076977411,,2.80033593,1.266962698,2.628077853,2.581140595,1.960661972,1.342449355,2.367693446,3.403403965,2.819602863
May-19,1.237330564,2.636170445,2.062203648,1.57396304,2.432059537,2.220233914,6.452005431,1.016341264,5.41343616,2.172517248,1.171396195,1.856834877,1.492391288,5.49177539,7.288358568,-2.297204196,4.102292592,0.760916042,0.253868587,2.6602451,1.143749954,4.682928319,2.209911038,0.93875688,4.790384024,,2.787271929,1.277598783,2.580299837,2.416317612,1.963499072,1.328922229,2.195563723,3.380748398,2.780428941
Jun-19,1.22120776,2.579287778,1.98574434,1.529814888,2.366606085,2.085452465,6.389317346,1.023732561,5.430768274,2.14894837,1.178065286,1.855101994,1.511043751,5.289233084,7.03952975,-2.393877169,4.109023267,0.726201326,0.171863863,2.608211695,0.969364241,4.649210706,2.17812071,0.961884504,4.503790637,,2.774207928,1.288234868,2.532521822,2.251494629,1.966336172,1.315395103,2.023433999,3.358092831,2.741255018
Jul-19,1.205084957,2.52240511,1.909285032,1.485666736,2.301152634,1.950671017,6.326629261,1.031123857,5.448100388,2.125379492,1.184734377,1.853369112,1.529696215,5.086690778,6.790700932,-2.490550143,4.115753941,0.69148661,0.08985914,2.55617829,0.794978527,4.615493094,2.146330382,0.985012128,4.21719725,,2.761143927,1.298870954,2.484743806,2.086671646,1.969173272,1.301867977,1.851304276,3.335437264,2.702081096
Aug-19,1.188962153,2.465522443,1.832825724,1.441518584,2.235699183,1.815889568,6.263941177,1.038515154,5.465432501,2.101810614,1.191403468,1.851636229,1.548348678,4.884148472,6.541872115,-2.587223117,4.122484616,0.656771895,0.007854416,2.504144885,0.620592813,4.581775482,2.114540055,1.008139753,3.930603863,,2.748079926,1.309507039,2.436965791,1.921848664,1.972010373,1.288340851,1.679174553,3.312781698,2.662907174
Sep-19,1.172839349,2.408639776,1.756366416,1.397370432,2.170245731,1.681108119,6.201253092,1.04590645,5.482764615,2.078241736,1.198072559,1.849903346,1.567001142,4.681606166,6.293043297,-2.68389609,4.12921529,0.622057179,-0.074150307,2.45211148,0.4462071,4.54805787,2.082749727,1.031267377,3.644010477,,2.735015925,1.320143124,2.389187775,1.757025681,1.974847473,1.274813725,1.507044829,3.290126131,2.623733252
Oct-19,1.156716546,2.351757108,1.679907108,1.35322228,2.10479228,1.546326671,6.138565008,1.053297746,5.500096729,2.054672858,1.204741649,1.848170463,1.585653606,4.479063859,6.044214479,-2.780569064,4.135945965,0.587342464,-0.15615503,2.400078075,0.271821386,4.514340258,2.050959399,1.054395001,3.35741709,,2.721951924,1.33077921,2.34140976,1.592202698,1.977684573,1.261286599,1.334915106,3.267470564,2.58455933
Nov-19,1.140593742,2.294874441,1.6034478,1.309074128,2.039338828,1.411545222,6.075876923,1.060689043,5.517428843,2.031103979,1.21141074,1.84643758,1.604306069,4.276521553,5.795385661,-2.877242038,4.14267664,0.552627748,-0.238159754,2.34804467,0.097435672,4.480622646,2.019169071,1.077522626,3.070823703,,2.708887923,1.341415295,2.293631744,1.427379715,1.980521673,1.247759473,1.162785383,3.244814997,2.545385408
Dec-19,1.124470938,2.237991773,1.526988492,1.264925976,1.973885377,1.276763774,6.013188838,1.068080339,5.534760957,2.007535101,1.218079831,1.844704697,1.622958533,4.073979247,5.546556844,-2.973915011,4.149407314,0.517913032,-0.320164477,2.296011265,-0.076950041,4.446905033,1.987378744,1.10065025,2.784230316,,2.695823922,1.35205138,2.245853729,1.262556732,1.983358774,1.234232347,0.99065566,3.22215943,2.506211485
Jan-20,1.108348135,2.181109106,1.450529184,1.220777824,1.908431925,1.141982325,5.950500754,1.075471636,5.552093071,1.983966223,1.224748922,1.842971814,1.641610996,3.871436941,5.297728026,-3.070587985,4.156137989,0.483198317,-0.402169201,2.24397786,-0.251335755,4.413187421,1.955588416,1.123777874,2.497636929,,2.682759921,1.362687466,2.198075713,1.09773375,1.986195874,1.220705221,0.818525936,3.199503864,2.467037563
Feb-20,0.632630443,1.983791815,0.816527567,0.868029853,1.363595426,0.884435695,5.659374291,0.690982196,5.395079092,0.95249453,0.943987034,1.107016444,0.700315952,3.114639949,5.401215606,-2.56855846,3.684496635,-0.258557796,-0.695890746,2.012339176,-0.90805889,3.639067107,1.497418037,0.935389666,2.20181541,,1.821326473,0.368087185,1.817547853,0.73073229,1.660203007,1.110663206,0.900197603,2.654224808,2.099938983
Mar-20,0.156912751,1.786474523,0.182525949,0.515281883,0.818758927,0.626889065,5.368247829,0.306492757,5.238065113,-0.078977162,0.663225145,0.371061073,-0.240979092,2.357842957,5.504703186,-2.066528935,3.21285528,-1.000313909,-0.989612291,1.780700492,-1.564782026,2.864946793,1.039247657,0.747001457,1.905993891,,0.959893025,-0.626513095,1.437019993,0.36373083,1.33421014,1.000621191,0.98186927,2.108945752,1.732840403
Apr-20,-0.31880494,1.589157232,-0.451475668,0.162533913,0.273922427,0.369342435,5.077121366,-0.077996682,5.081051134,-1.110448855,0.382463256,-0.364894298,-1.182274137,1.601045965,5.608190765,-1.56449941,2.741213926,-1.742070022,-1.283333836,1.549061808,-2.221505161,2.090826479,0.581077278,0.558613249,1.610172371,,0.098459577,-1.621113375,1.056492133,-0.00327063,1.008217273,0.890579177,1.063540937,1.563666696,1.365741823
May-20,-0.794522632,1.39183994,-1.085477285,-0.190214057,-0.270914072,0.111795805,4.785994904,-0.462486122,4.924037155,-2.141920548,0.101701368,-1.100849669,-2.123569181,0.844248973,5.711678345,-1.062469885,2.269572572,-2.483826134,-1.577055381,1.317423125,-2.878228296,1.316706165,0.122906899,0.37022504,1.314350852,,-0.762973871,-2.615713655,0.675964274,-0.37027209,0.682224406,0.780537162,1.145212604,1.01838764,0.998643243
Jun-20,-1.270240323,1.194522649,-1.719478903,-0.542962027,-0.815750571,-0.145750825,4.494868441,-0.846975561,4.767023176,-3.173392241,-0.179060521,-1.836805039,-3.064864225,0.087451981,5.815165925,-0.56044036,1.797931218,-3.225582247,-1.870776926,1.085784441,-3.534951432,0.54258585,-0.33526348,0.181836832,1.018529332,,-1.624407319,-3.610313935,0.295436414,-0.73727355,0.356231539,0.670495147,1.226884271,0.473108584,0.631544663
Jul-20,-1.745958015,0.997205358,-2.35348052,-0.895709998,-1.360587071,-0.403297455,4.203741978,-1.231465,4.610009197,-4.204863934,-0.459822409,-2.57276041,-4.00615927,-0.669345011,5.918653505,-0.058410835,1.326289863,-3.96733836,-2.164498471,0.854145757,-4.191674567,-0.231534464,-0.793433859,-0.006551377,0.722707813,,-2.485840767,-4.604914215,-0.085091446,-1.104275009,0.030238673,0.560453132,1.308555938,-0.072170472,0.264446083
Aug-20,-2.221675706,0.799888066,-2.987482137,-1.248457968,-1.90542357,-0.660844084,3.912615516,-1.61595444,4.452995218,-5.236335626,-0.740584298,-3.308715781,-4.947454314,-1.426142003,6.022141084,0.44361869,0.854648509,-4.709094472,-2.458220016,0.622507073,-4.848397702,-1.005654778,-1.251604238,-0.194939585,0.426886293,,-3.347274215,-5.599514496,-0.465619306,-1.471276469,-0.295754194,0.450411118,1.390227605,-0.617449528,-0.102652497
Sep-20,-2.697393398,0.602570775,-3.621483754,-1.601205938,-2.450260069,-0.918390714,3.621489053,-2.000443879,4.295981239,-6.267807319,-1.021346186,-4.044671151,-5.888749358,-2.182938995,6.125628664,0.945648215,0.383007155,-5.450850585,-2.751941561,0.390868389,-5.505120838,-1.779775092,-1.709774617,-0.383327794,0.131064774,,-4.208707663,-6.594114776,-0.846147166,-1.838277929,-0.621747061,0.340369103,1.471899272,-1.162728584,-0.469751078
Oct-20,-3.17311109,0.405253483,-4.255485372,-1.953953908,-2.995096569,-1.175937344,3.330362591,-2.384933319,4.13896726,-7.299279012,-1.302108075,-4.780626522,-6.830044403,-2.939735987,6.229116244,1.44767774,-0.0886342,-6.192606698,-3.045663106,0.159229705,-6.161843973,-2.553895406,-2.167944996,-0.571716002,-0.164756745,,-5.070141111,-7.588715056,-1.226675026,-2.205279389,-0.947739928,0.230327088,1.553570939,-1.70800764,-0.836849658
Nov-20,-3.648828781,0.207936192,-4.889486989,-2.306701878,-3.539933068,-1.433483974,3.039236128,-2.769422758,3.981953281,-8.330750705,-1.582869963,-5.516581893,-7.771339447,-3.696532979,6.332603824,1.949707265,-0.560275554,-6.934362811,-3.339384651,-0.072408979,-6.818567109,-3.32801572,-2.626115376,-0.760104211,-0.460578265,,-5.931574559,-8.583315336,-1.607202886,-2.572280849,-1.273732795,0.120285073,1.635242606,-2.253286696,-1.203948238
Dec-20,-4.124546473,0.010618901,-5.523488606,-2.659449849,-4.084769567,-1.691030604,2.748109666,-3.153912197,3.824939302,-9.362222397,-1.863631852,-6.252537264,-8.712634491,-4.453329971,6.436091404,2.45173679,-1.031916908,-7.676118923,-3.633106196,-0.304047663,-7.475290244,-4.102136034,-3.084285755,-0.94849242,-0.756399784,,-6.793008007,-9.577915616,-1.987730746,-2.939282308,-1.599725662,0.010243059,1.716914273,-2.798565752,-1.571046818
Jan-21,-4.600264164,-0.186698391,-6.157490224,-3.012197819,-4.629606067,-1.948577234,2.456983203,-3.538401637,3.667925323,-10.39369409,-2.14439374,-6.988492634,-9.653929536,-5.210126963,6.539578983,2.953766315,-1.503558262,-8.417875036,-3.926827741,-0.535686346,-8.132013379,-4.876256349,-3.542456134,-1.136880628,-1.052221304,,-7.654441455,-10.5725159,-2.368258606,-3.306283768,-1.925718529,-0.099798956,1.79858594,-3.343844808,-1.938145398
Feb-21,-4.774467968,-0.286715433,-6.419837355,-3.119124224,-4.835778729,-1.994019064,2.36039975,-3.68969835,3.545076234,-10.82277881,-2.253138789,-7.266426441,-9.98666935,-5.474443977,6.78401869,3.357533347,-1.652009285,-8.635281689,-4.015620093,-0.611098689,-8.342913298,-5.285189965,-3.688477231,-1.176468675,-1.121382086,,-8.025262546,-10.95904555,-2.491537935,-3.411796722,-2.007130084,-0.153270299,2.047673907,-3.61165842,-2.056338442
Mar-21,-4.044130107,-0.094831727,-5.567221028,-2.488585936,-4.025959879,-1.403146496,2.847445323,-3.141416887,3.524721816,-9.444702617,-1.845833317,-6.170295556,-8.493743472,-4.26132106,7.451314779,3.466512898,-0.830889315,-7.279639961,-3.489624866,-0.217832009,-7.216343567,-4.598563487,-2.898050485,-0.769656239,-0.510560659,,-6.924246565,-9.521363324,-1.84307167,-2.732844156,-1.354797706,-0.037029628,2.799010774,-3.0470757,-1.427814876
Apr-21,-3.313792245,0.097051979,-4.714604701,-1.858047648,-3.21614103,-0.812273927,3.334490896,-2.593135424,3.504367399,-8.066626423,-1.438527846,-5.074164671,-7.000817595,-3.048198142,8.118610867,3.575492448,-0.009769344,-5.923998233,-2.96362964,0.175434672,-6.089773836,-3.911937009,-2.107623738,-0.362843803,0.100260769,,-5.823230584,-8.083681098,-1.194605405,-2.05389159,-0.702465327,0.079211043,3.550347641,-2.482492979,-0.79929131
May-21,-2.583454384,0.288935684,-3.861988374,-1.22750936,-2.40632218,-0.221401359,3.82153647,-2.04485396,3.484012981,-6.688550229,-1.031222375,-3.978033786,-5.507891718,-1.835075225,8.785906955,3.684471999,0.811350627,-4.568356506,-2.437634413,0.568701353,-4.963204106,-3.225310531,-1.317196991,0.043968633,0.711082196,,-4.722214602,-6.645998872,-0.54613914,-1.374939024,-0.050132949,0.195451714,4.301684508,-1.917910259,-0.170767745
Jun-21,-1.853116523,0.48081939,-3.009372047,-0.596971071,-1.596503331,0.369471209,4.308582043,-1.496572497,3.463658563,-5.310474035,-0.623916903,-2.881902901,-4.014965841,-0.621952307,9.453203044,3.79345155,1.632470597,-3.212714778,-1.911639187,0.961968033,-3.836634375,-2.538684053,-0.526770244,0.450781069,1.321903624,,-3.621198621,-5.208316646,0.102327125,-0.695986459,0.60219943,0.311692385,5.053021375,-1.353327539,0.457755821
Jul-21,-1.122778662,0.672703096,-2.15675572,0.033567217,-0.786684481,0.960343778,4.795627617,-0.948291033,3.443304145,-3.932397841,-0.216611432,-1.785772016,-2.522039964,0.59117061,10.12049913,3.902431101,2.453590568,-1.85707305,-1.38564396,1.355234714,-2.710064644,-1.852057576,0.263656503,0.857593505,1.932725052,,-2.52018264,-3.77063442,0.750793389,-0.017033893,1.254531808,0.427933056,5.804358242,-0.788744819,1.086279386
Aug-21,-0.392440801,0.864586802,-1.304139393,0.664105505,0.023134369,1.551216346,5.28267319,-0.40000957,3.422949728,-2.554321647,0.19069404,-0.689641131,-1.029114087,1.804293528,10.78779522,4.011410652,3.274710539,-0.501431322,-0.859648734,1.748501395,-1.583494913,-1.165431098,1.05408325,1.264405942,2.543546479,,-1.419166659,-2.332952194,1.399259654,0.661918673,1.906864187,0.544173727,6.555695109,-0.224162099,1.714802952
Sep-21,0.33789706,1.056470507,-0.451523066,1.294643794,0.832953218,2.142088915,5.769718763,0.148271893,3.40259531,-1.176245453,0.597999511,0.406489754,0.46381179,3.017416445,11.45509131,4.120390202,4.09583051,0.854210405,-0.333653507,2.141768075,-0.456925182,-0.47880462,1.844509997,1.671218378,3.154367907,,-0.318150678,-0.895269967,2.047725919,1.340871238,2.559196565,0.660414398,7.307031976,0.340420622,2.343326518
Oct-21,1.068234921,1.248354213,0.401093261,1.925182082,1.642772068,2.732961483,6.256764337,0.696553357,3.382240892,0.201830741,1.005304983,1.502620639,1.956737667,4.230539363,12.1223874,4.229369753,4.91695048,2.209852133,0.192341719,2.535034756,0.669644549,0.207821858,2.634936743,2.078030814,3.765189334,,0.782865303,0.542412259,2.696192184,2.019823804,3.211528944,0.77665507,8.058368843,0.905003342,2.971850083
Nov-21,1.798572783,1.440237919,1.253709588,2.55572037,2.452590917,3.323834052,6.74380991,1.24483482,3.361886474,1.579906936,1.412610454,2.598751524,3.449663545,5.44366228,12.78968349,4.338349304,5.738070451,3.565493861,0.718336946,2.928301437,1.79621428,0.894448336,3.42536349,2.48484325,4.376010762,,1.883881285,1.980094485,3.344658449,2.69877637,3.863861322,0.892895741,8.80970571,1.469586062,3.600373649
Dec-21,2.528910644,1.632121625,2.106325915,3.186258658,3.262409767,3.91470662,7.230855483,1.793116283,3.341532056,2.95798313,1.819915926,3.694882409,4.942589422,6.656785198,13.45697957,4.447328855,6.559190422,4.921135588,1.244332172,3.321568117,2.922784011,1.581074814,4.215790237,2.891655686,4.98683219,,2.984897266,3.417776711,3.993124714,3.377728936,4.516193701,1.009136412,9.561042577,2.034168782,4.228897214
Jan-22,3.259248505,1.824005331,2.958942242,3.816796947,4.072228617,4.505579189,7.717901057,2.341397747,3.321177639,4.336059324,2.227221397,4.791013294,6.435515299,7.869908116,14.12427566,4.556308405,7.380310392,6.276777316,1.770327399,3.714834798,4.049353741,2.267701292,5.006216984,3.298468123,5.597653617,,4.085913247,4.855458937,4.641590979,4.056681501,5.168526079,1.125377083,10.31237944,2.598751502,4.85742078
Feb-22,3.989586366,2.015889036,3.811558569,4.447335235,4.882047466,5.096451757,8.20494663,2.88967921,3.300823221,5.714135518,2.634526868,5.887144179,7.928441176,9.083031033,14.79157175,4.665287956,8.201430363,7.632419044,2.296322625,4.108101479,5.175923472,2.954327769,5.796643731,3.705280559,6.208475045,,5.186929228,6.293141163,5.290057243,4.735634067,5.820858458,1.241617754,11.06371631,3.163334223,5.485944346
Mar-22,4.491840113,2.196423654,4.260163339,4.694137319,5.229423928,5.281160204,8.234375874,3.110580296,3.419947957,6.378368676,2.77924971,6.279113486,8.505112927,9.583610015,14.90199636,4.682791601,8.542221575,8.14065785,2.496395403,4.238379422,5.669004089,3.507550938,6.118800681,3.873272988,6.445401593,,5.780185205,6.897110825,5.312956968,5.169654426,6.010404055,,11.20778022,2.182715144,5.648648864
Apr-22,4.766009747,2.365609184,4.304756552,4.5572032,5.114358003,5.059704528,7.80618879,3.004101004,3.678551847,6.328758799,2.661389922,5.966921216,8.165530552,9.371645061,14.45554948,4.60881934,8.402684029,7.801493735,2.370545733,4.105668628,5.528595592,3.927370798,5.972687835,3.80244541,6.308433261,,5.865681178,6.667367923,4.710290152,5.358742578,5.73716287,,10.74457116,-0.343105732,5.345534336
May-22,5.04017938,2.534794714,4.349349766,4.42026908,4.999292077,4.838248853,7.378001705,2.897621712,3.937155737,6.279148921,2.543530134,5.654728946,7.825948177,9.159680106,14.0091026,4.534847079,8.263146483,7.46232962,2.244696062,3.972957833,5.388187095,4.347190658,5.826574989,3.731617833,6.17146493,,5.951177151,6.437625021,4.107623336,5.547830731,5.463921685,,10.2813621,-2.868926609,5.042419808
Jun-22,5.314349014,2.703980243,4.393942979,4.28333496,4.884226151,4.616793177,6.94981462,2.791142419,4.195759627,6.229539043,2.425670346,5.342536676,7.486365802,8.947715152,13.56265572,4.460874817,8.123608937,7.123165505,2.118846391,3.840247039,5.247778598,4.767010518,5.680462143,3.660790255,6.034496598,,6.036673124,6.207882118,3.504956521,5.736918883,5.1906805,,9.818153045,-5.394747485,4.73930528
Jul-22,5.588518647,2.873165773,4.438536192,4.146400841,4.769160226,4.395337502,6.521627535,2.684663127,4.454363517,6.179929166,2.307810557,5.030344405,7.146783427,8.735750198,13.11620885,4.386902556,7.984071391,6.784001391,1.992996721,3.707536245,5.107370101,5.186830378,5.534349297,3.589962677,5.897528266,,6.122169098,5.978139216,2.902289705,5.926007035,4.917439315,,9.354943987,-7.920568362,4.436190752
Aug-22,5.86268828,3.042351303,4.483129406,4.009466721,4.6540943,4.173881826,6.093440451,2.578183835,4.712967407,6.130319288,2.189950769,4.718152135,6.807201052,8.523785244,12.66976197,4.312930295,7.844533845,6.444837276,1.86714705,3.57482545,4.966961603,5.606650238,5.388236451,3.519135099,5.760559935,,6.207665071,5.748396314,2.299622889,6.115095187,4.64419813,,8.89173493,-10.44638924,4.133076224
Sep-22,6.136857914,3.211536833,4.527722619,3.872532602,4.539028374,3.95242615,5.665253366,2.471704543,4.971571297,6.080709411,2.072090981,4.405959865,6.467618678,8.31182029,12.22331509,4.238958034,7.704996299,6.105673161,1.741297379,3.442114656,4.826553106,6.026470099,5.242123605,3.448307522,5.623591603,,6.293161044,5.518653412,1.696956073,6.30418334,4.370956945,,8.428525873,-12.97221012,3.829961696
Oct-22,6.411027547,3.380722362,4.572315832,3.735598482,4.423962449,3.730970475,5.237066281,2.365225251,5.230175187,6.031099533,1.954231193,4.093767595,6.128036303,8.099855335,11.77686822,4.164985773,7.565458753,5.766509046,1.615447709,3.309403862,4.686144609,6.446289959,5.096010759,3.377479944,5.486623272,,6.378657017,5.28891051,1.094289258,6.493271492,4.09771576,,7.965316816,-15.49803099,3.526847168
Nov-22,6.685197181,3.549907892,4.616909045,3.598664362,4.308896523,3.509514799,4.808879196,2.258745959,5.488779077,5.981489656,1.836371405,3.781575325,5.788453928,7.887890381,11.33042134,4.091013512,7.425921207,5.427344931,1.489598038,3.176693068,4.545736112,6.866109819,4.949897913,3.306652366,5.34965494,,6.46415299,5.059167608,0.491622442,6.682359644,3.824474575,,7.502107759,-18.02385187,3.223732639
Dec-22,6.959366814,3.719093422,4.661502259,3.461730243,4.193830597,3.288059124,4.380692112,2.152266667,5.747382967,5.931879778,1.718511617,3.469383055,5.448871553,7.675925427,10.88397446,4.01704125,7.286383661,5.088180816,1.363748367,3.043982273,4.405327615,7.285929679,4.803785067,3.235824788,5.212686608,,6.549648963,4.829424705,-0.111044374,6.871447796,3.551233391,,7.038898702,-20.54967274,2.920618111
Jan-23,7.233536448,3.888278952,4.706095472,3.324796123,4.078764672,3.066603448,3.952505027,2.045787375,6.005986856,5.882269901,1.600651828,3.157190784,5.109289178,7.463960473,10.43752758,3.943068989,7.146846114,4.749016701,1.237898697,2.911271479,4.264919118,7.705749539,4.657672221,3.164997211,5.075718277,,6.635144936,4.599681803,-0.71371119,7.060535949,3.277992206,,6.575689645,-23.07549362,2.617503583
Feb-23,7.507706081,4.057464481,4.750688685,3.187862003,3.963698746,2.845147773,3.524317942,1.939308082,6.264590746,5.832660023,1.48279204,2.844998514,4.769706803,7.251995519,9.991080707,3.869096728,7.007308568,4.409852586,1.112049026,2.778560685,4.12451062,8.125569399,4.511559375,3.094169633,4.938749945,,6.72064091,4.369938901,-1.316378006,7.249624101,3.004751021,,6.112480587,-25.6013145,2.314389055
Mar-23,7.781875714,4.226650011,4.795281898,3.050927884,3.848632821,2.623692097,3.096130857,1.83282879,6.523194636,5.783050146,1.364932252,2.532806244,4.430124428,7.040030564,9.54463383,3.795124467,6.867771022,4.070688471,0.986199355,2.64584989,3.984102123,8.545389259,4.365446529,3.023342055,4.801781614,,6.806136883,4.140195999,-1.919044821,7.438712253,2.731509836,,5.64927153,-28.12713537,2.011274527
Apr-23,7.588855716,4.195301788,4.474945185,3.010328832,3.657873875,2.459371631,3.119137963,1.682024053,6.421443245,5.578450422,1.196005952,2.351755845,4.095745835,7.022152961,8.689974577,3.845780329,6.548425068,3.805591253,1.011696855,2.53879343,3.906631573,8.357987633,4.081100101,2.859075341,4.486810425,,6.558907576,3.518551177,-1.736199083,7.001225521,2.495001273,,5.473669104,-26.75514409,1.971213801
May-23,7.24010584,4.097108981,4.032965162,3.00184147,3.441883923,2.314096234,3.292543133,1.516444167,6.199573426,5.322187417,1.010057482,2.214419404,3.763101836,7.068971141,7.699244532,3.937978899,6.169142978,3.565182999,1.087643411,2.440288415,3.850140338,7.968178846,3.750675812,2.663662248,4.11250495,,6.200769843,2.766272381,-1.291515826,6.354880493,2.270736917,,5.393935554,-24.08388208,2.018837676
Jun-23,6.891355964,3.998916174,3.590985139,2.993354108,3.225893971,2.168820837,3.465948303,1.350864282,5.977703607,5.065924412,0.824109011,2.077082962,3.430457838,7.115789322,6.708514487,4.030177469,5.789860888,3.324774746,1.163589968,2.341783399,3.793649103,7.578370059,3.420251523,2.468249155,3.738199476,,5.84263211,2.013993585,-0.846832569,5.708535465,2.046472562,,5.314202004,-21.41262007,2.066461551
Jul-23,6.542606088,3.900723367,3.149005116,2.984866746,3.00990402,2.02354544,3.639353473,1.185284396,5.755833788,4.809661407,0.638160541,1.939746521,3.097813839,7.162607502,5.717784443,4.122376039,5.410578798,3.084366493,1.239536524,2.243278383,3.737157869,7.188561271,3.089827235,2.272836062,3.363894001,,5.484494377,1.26171479,-0.402149312,5.062190438,1.822208206,,5.234468455,-18.74135807,2.114085425
Aug-23,6.193856213,3.80253056,2.707025093,2.976379384,2.793914068,1.878270043,3.812758642,1.01970451,5.53396397,4.553398401,0.452212071,1.802410079,2.76516984,7.209425682,4.727054398,4.214574609,5.031296708,2.84395824,1.31548308,2.144773368,3.680666634,6.798752484,2.759402946,2.07742297,2.989588527,,5.126356644,0.509435994,0.042533945,4.41584541,1.59794385,,5.154734905,-16.07009606,2.1617093
Sep-23,5.845106337,3.704337753,2.265045071,2.967892022,2.577924116,1.732994647,3.986163812,0.854124624,5.312094151,4.297135396,0.2662636,1.665073638,2.432525841,7.256243862,3.736324353,4.306773179,4.652014618,2.603549986,1.391429637,2.046268352,3.624175399,6.408943697,2.428978657,1.882009877,2.615283052,,4.768218911,-0.242842802,0.487217202,3.769500383,1.373679495,,5.075001356,-13.39883405,2.209333175
Oct-23,5.496356461,3.606144946,1.823065048,2.95940466,2.361934164,1.58771925,4.159568982,0.688544739,5.090224332,4.040872391,0.08031513,1.527737196,2.099881842,7.303062043,2.745594308,4.398971749,4.272732528,2.363141733,1.467376193,1.947763337,3.567684164,6.019134909,2.098554368,1.686596784,2.240977578,,4.410081178,-0.995121597,0.931900459,3.123155355,1.149415139,,4.995267806,-10.72757204,2.25695705
Nov-23,5.147606585,3.507952139,1.381085025,2.950917297,2.145944212,1.442443853,4.332974151,0.522964853,4.868354513,3.784609386,-0.105633341,1.390400754,1.767237843,7.349880223,1.754864264,4.491170319,3.893450438,2.12273348,1.543322749,1.849258321,3.511192929,5.629326122,1.768130079,1.491183691,1.866672103,,4.051943446,-1.747400393,1.376583716,2.476810327,0.925150784,,4.915534256,-8.056310037,2.304580925
Dec-23,4.798856709,3.409759332,0.939105002,2.942429935,1.92995426,1.297168456,4.506379321,0.357384967,4.646484694,3.528346381,-0.291581811,1.253064313,1.434593845,7.396698403,0.764134219,4.583368889,3.514168348,1.882325227,1.619269305,1.750753305,3.454701695,5.239517335,1.43770579,1.295770598,1.492366629,,3.693805713,-2.499679189,1.821266972,1.8304653,0.700886428,,4.835800707,-5.385048029,2.3522048
Jan-24,4.450106834,3.311566525,0.497124979,2.933942573,1.713964308,1.151893059,4.679784491,0.191805081,4.424614876,3.272083375,-0.477530282,1.115727871,1.101949846,7.443516583,-0.226595826,4.675567459,3.134886258,1.641916973,1.695215862,1.65224829,3.39821046,4.849708548,1.107281501,1.100357505,1.118061154,,3.33566798,-3.251957985,2.265950229,1.184120272,0.476622072,,4.756067157,-2.713786022,2.399828674
Feb-24,4.101356958,3.213373718,0.055144957,2.925455211,1.497974356,1.006617662,4.85318966,0.026225196,4.202745057,3.01582037,-0.663478752,0.97839143,0.769305847,7.490334764,-1.21732587,4.767766029,2.755604168,1.40150872,1.771162418,1.553743274,3.341719225,4.45989976,0.776857212,0.904944412,0.74375568,,2.977530247,-4.00423678,2.710633486,0.537775245,0.252357717,,4.676333607,-0.042524015,2.447452549
Mar-24,3.752607082,3.115180911,-0.386835066,2.916967849,1.281984404,0.861342266,5.02659483,-0.13935469,3.980875238,2.759557365,-0.849427222,0.841054988,0.436661848,7.537152944,-2.208055915,4.859964599,2.376322078,1.161100467,1.847108974,1.455238259,3.28522799,4.070090973,0.446432923,0.709531319,0.369450205,,2.619392514,-4.756515576,3.155316743,-0.108569783,0.028093361,,4.596600058,2.628737993,2.495076424